id,nombre,nombre_alt,genero,tribu,profesion,profesion_subtipo,profesion_2,nacimiento,fallecimiento,edad,era,seccion,potencia_activa,lugares,hitos,personajes_relacionados,primera_mencion,ultima_mencion,versiculo_clave,opinion_jehova,opinion_ref,opinion_cita,cualidades,cualidades_refs,defectos,defectos_refs,leccion,num_preguntas,num_hitos,fuente
1,Adán,,M,,Patriarca,Ficha de Personaje: Profetas,,-4026,-3096,930,pre,S1,Sin potencia (anterior a Egipto),Edén; Antediluviano,"Creación de Adán (4026 a. E. C.) [Gén. 2:7]; Se hace el pacto edénico, primera profecía (d. 4026 a. E. C.) [Gén. 3:15]; Nace Set (3896 a. E. C.) [Gén. 5:3]; Invocación del nombre de Jehová (días de Enós) (3791 a. E. C.) [Génesis 4:26]; Muere Adán (3096 a. E. C.) [Gén. 5:5]",Set (2); Eva (1); Enós (1),-4026,-3096,Génesis 1:27,Primer hombre creado a imagen de Dios; padre de la familia humana,Génesis 1:26-28; Lucas 3:38,,Cuidador inicial del Edén; reconoció a Eva como compañera,Génesis 2:15-23,Desobedeció al comer del fruto prohibido; culpó a Eva y a Dios,Génesis 3:6-12,La desobediencia trae consecuencias que afectan a toda la descendencia,21,5,"personajes_biblicos,hechos_biblicos,preguntas,curacion_manual"
2,Enoc,,M,,Patriarca,Ficha de Personaje: Profetas,,-3404,-3039,365,pre,S1,Sin potencia (anterior a Egipto),Desconocido,"Nace el justo Enoc (3404 a. E. C.) [Gén. 5:18]; Enoc transferido; termina su período de profetizar (3039 a. E. C.) [Gén. 5:23, 24; Jud. 14]",,-3404,-3039,Génesis 5:24,Anduvo con Dios y fue trasladado para no ver la muerte,Génesis 5:22-24; Hebreos 11:5,,Fe; intimidad con Jehová; obediencia,Génesis 5:22; Hebreos 11:5,,,Caminar con Dios es posible aun en tiempos de maldad generalizada,17,2,"personajes_biblicos,hechos_biblicos,preguntas,curacion_manual"
3,Noé,,M,,Patriarca,,,-2970,-2020,950,pre,S1,Sin potencia (anterior a Egipto),Ararat (montañas); Antediluviano; Montes de Ararat,"Nace Noé (2970 a. E. C.) [Gén. 5:28, 29]; Invasión de los Nefilim (2800-2370 a. E. C.) [Génesis 6:1-4; 2 Pedro 2:4; Judas 6]; Declaración formal de Dios acerca de la humanidad (2490 a. E. C.) [Gén. 6:3]; Noé comienza a engendrar hijos (2470 a. E. C.) [Génesis 5:32]; Construcción del arca y predicación de Noé (2470-2370 a. E. C.) [Génesis 6:13-22; 2 Pedro 2:5; Hebreos 11:7]; Nace Jafet (2470 a. E. C.) [Gén. 5:32; Gé 9:24; Gé 10:21]; Nace Sem (2468 a. E. C.) [Gén. 7:11; Gé 11:10]; Caen las aguas del Diluvio (en el otoño) (2370 a. E. C.) [Gén. 7:6, 11]; Se hace el pacto postdiluviano (2369 a. E. C.) [Gén. 8:13; Gé 9:16]; Muere Noé (2020 a. E. C.) [Gén. 9:28, 29]",Sem (4); Jafet (4); Cam (2); Matusalén (2); Lamec (2); Nefilim (1),-2970,-2020,Génesis 6:9,Hombre justo que preservó la vida mediante la obediencia en tiempos de maldad,Génesis 6:9; Génesis 7:1; Hebreos 11:7,Noé era un hombre justo. Era íntegro entre sus contemporáneos. Noé andaba con Dios.,Fe; obediencia; integridad; predicador de justicia,Génesis 6-9; 2 Pedro 2:5,"Tras el diluvio, se embriagó y expuso su desnudez",Génesis 9:20-21,La fe se demuestra obedeciendo instrucciones que otros no comprenden,55,10,"personajes_biblicos,hechos_biblicos,preguntas,curacion_manual"
4,Sem,,M,,Patriarca,,,-2468,-1868,600,pre,S1,Sin potencia (anterior a Egipto),Ararat (montañas); Monte Moria; Antediluviano; Mesopotamia,"Noé comienza a engendrar hijos (2470 a. E. C.) [Génesis 5:32]; Construcción del arca y predicación de Noé (2470-2370 a. E. C.) [Génesis 6:13-22; 2 Pedro 2:5; Hebreos 11:7]; Nace Sem (2468 a. E. C.) [Gén. 7:11; Gé 11:10]; Caen las aguas del Diluvio (en el otoño) (2370 a. E. C.) [Gén. 7:6, 11]; Nace Arpaksad (2368 a. E. C.) [Gén. 11:10]; Sacrificio de Isaac en Moria (c. 1893 a. E. C.) [Génesis 22:1-18]; Muere Sem (1868 a. E. C.) [Gén. 11:11]",Noé (4); Jafet (3); Cam (2); Abrahán (1); Isaac (1); Sara (1),-2470,-1868,Génesis 9:26,Antepasado de Abrahán; recibió la bendición de Noé; su descendencia incluye al Mesías,Génesis 9:26-27; Génesis 11:10-26; Lucas 3:36,,Sobrevivió al Diluvio en el arca; continuó la línea genealógica hacia Abrahán,Génesis 7:13; Génesis 11:10-26,,,Jehová preservó una línea de descendencia fiel desde Noé hasta las promesas a Abrahán,9,7,"personajes_biblicos,hechos_biblicos,preguntas,curacion_manual"
5,Abrahán,,M,,Patriarca,,,-2018,-1843,175,pat,S1,Sin potencia (anterior a Egipto),Siquem / Betel; Cerca de Damasco; Canaán; Sodoma y Gomorra; Monte Moria; Beer-seba / Canaán,"Nace Abrahán (2018 a. E. C.) [Gén. 11:26; Gé 11:32; Gé 12:4]; Abrahán cruza el Éufrates hacia Canaán; se valida pacto con Abrahán; empieza el período de 430 años hasta el pacto de la Ley (1943 a. E. C.) [Gén. 12:4, 7; Éxo. 12:40; Gál. 3:17]; Lot rescatado; Abrahán visita a Melquisedec (a. 1933 a. E. C.) [Gén. 14:16; Gé 14:18; Gé 16:3]; Nace Ismael (1932 a. E. C.) [Gén. 16:15; Gé 16:16]; Se hace el pacto de la circuncisión (1919 a. E. C.) [Gén. 17:1; Gé 17:10; Gé 17:24]; Juicio de Sodoma y Gomorra (1919 a. E. C.) [Gén. 19:24]; Nace Isaac, el verdadero heredero; empiezan los 'unos 450 años' (1918 a. E. C.) [Gén. 21:2, 5; Hech. 13:17-20]; Sacrificio de Isaac en Moria (c. 1893 a. E. C.) [Génesis 22:1-18]; Muere Abrahán (1843 a. E. C.) [Gén. 25:7]; Termina el período de 430 años desde la validación del pacto con Abrahán (1513 a. E. C.) [Gál. 3:17; Éxo. 12:40]",Lot (2); Isaac (2); Sara (2); Melquisedec (1); Sem (1); Éber (1),-2018,-1513,Hebreos 11:8,Amigo de Dios; padre de todos los que tienen fe,Santiago 2:23; Romanos 4:11,"Abraham puso su fe en Jehová, y le fue contado por justicia.",Fe; obediencia; hospitalidad; confianza en las promesas,Génesis 12; Génesis 22; Hebreos 11:8-10,En ocasiones mostró debilidad por miedo (negó a Sara en Egipto y Gerar),Génesis 12:11-13; Génesis 20:2,"La fe verdadera se demuestra con obediencia, incluso cuando la promesa parece imposible",74,10,"personajes_biblicos,hechos_biblicos,preguntas,curacion_manual"
6,Sara,,F,,Patriarca,,,-2008,-1881,127,pat,S1,Sin potencia (anterior a Egipto),Monte Moria; Hebrón; Beer-seba / Canaán,"Nace Isaac, el verdadero heredero; empiezan los 'unos 450 años' (1918 a. E. C.) [Gén. 21:2, 5; Hech. 13:17-20]; Sacrificio de Isaac en Moria (c. 1893 a. E. C.) [Génesis 22:1-18]; Muere Sara (1881 a. E. C.) [Gén. 17:17; Gé 23:1]",Abrahán (2); Isaac (2); Sem (1); Éber (1),-1918,-1881,Hebreos 11:11,Madre de naciones; ejemplo de fe al concebir en la vejez,Génesis 17:15-19; 1 Pedro 3:6,,Fe que maduró; sumisión a Abrahán; alegría al cumplirse la promesa,Génesis 18:11-15; Génesis 21:6-7,Rió incrédula al oír la promesa; impulsó a Agar y luego maltrató a ella,Génesis 16; Génesis 18:12-15,Jehová puede hacer lo imposible cuando confiamos en su palabra,19,3,"personajes_biblicos,hechos_biblicos,preguntas,curacion_manual"
7,Isaac,,M,,Patriarca,,,-1918,-1738,180,pat,S1,Sin potencia (anterior a Egipto),Monte Moria; Canaán; Beer-seba / Canaán,"Nace Isaac, el verdadero heredero; empiezan los 'unos 450 años' (1918 a. E. C.) [Gén. 21:2, 5; Hech. 13:17-20]; Isaac destetado; Ismael despedido; principio de 400 años de aflicción (1913 a. E. C.) [Gén. 21:8; Gé 15:13; Hech. 7:6]; Sacrificio de Isaac en Moria (c. 1893 a. E. C.) [Génesis 22:1-18]; Se casan Isaac y Rebeca (1878 a. E. C.) [Gén. 25:20]; Jacob obtiene la bendición (c. 1831 a. E. C.) [Génesis 27:1-45]; Muere Isaac (1738 a. E. C.) [Gén. 35:28; Gé 35:29]",Abrahán (2); Sara (2); Rebeca (2); Sem (1); Éber (1); Jacob (1),-1918,-1738,Génesis 22:12,Hijo de la promesa; heredero de las bendiciones a Abrahán,Génesis 17:19; Génesis 26:3-5,,Sumisión; paz; confianza en las decisiones de Jehová,Génesis 22; Génesis 24,Favoreció a Esaú sobre la voluntad de Jehová; repitió el engaño de Abrahán con Rebeca,Génesis 25:28; Génesis 26:7,"Las promesas de Jehová se cumplen según su tiempo, no según nuestras preferencias",18,6,"personajes_biblicos,hechos_biblicos,preguntas,curacion_manual"
8,Rebeca,,F,,Patriarca,,,-1900,-1775,125,pat,S1,Sin potencia (anterior a Egipto),Canaán,Se casan Isaac y Rebeca (1878 a. E. C.) [Gén. 25:20]; Jacob obtiene la bendición (c. 1831 a. E. C.) [Génesis 27:1-45],Isaac (2); Jacob (1); Esaú (1),-1878,-1831,Génesis 24:58,Elegida como esposa de Isaac; madre de Jacob y Esaú,Génesis 24:50-51; Génesis 25:21-23,,Hospitalidad; decisión; servicio activo,Génesis 24:15-20,Favoreció a Jacob y engañó a Isaac para obtener la bendición,Génesis 27:5-17,Manipular resultados puede lograr metas humanas pero trae amargura familiar,19,2,"personajes_biblicos,hechos_biblicos,preguntas,curacion_manual"
9,Jacob,,M,,Patriarca,,,-1858,-1711,147,pat,S1,Sin potencia (anterior a Egipto),"Canaán; Betel; Dotán → Egipto; Egipto; Gosén, Egipto","Nacen Esaú y Jacob (1858 a. E. C.) [Gén. 25:26]; Jacob obtiene la bendición (c. 1831 a. E. C.) [Génesis 27:1-45]; Jacob huye a Harán; su visión en Betel (1781 a. E. C.) [Gén. 28:2; Gé 28:13; Gé 28:19]; Jacob se casa con Lea y Raquel (1774 a. E. C.) [Gén. 29:23-30]; Jacob regresa a Canaán desde Harán (1761 a. E. C.) [Gén. 31:18; Gé 31:41]; Jacob lucha con ángel; recibe nombre de Israel (c. 1761 a. E. C.) [Gén. 32:24-28]; Hermanos de José lo venden como esclavo (1750 a. E. C.) [Gén. 37:2, 28]; Jacob entra con toda su familia en Egipto (1728 a. E. C.) [Gén. 45:6; Gé 46:26; Gé 47:9]; Muere Jacob (1711 a. E. C.) [Gén. 47:28]; José se reúne con su familia (c. 1709 a. E. C.) [Génesis 42:1-47:12]",José (3); Esaú (2); Isaac (1); Rebeca (1); Lea (1); Raquel (1),-1858,-1709,Génesis 28:15,Padre de las doce tribus de Israel; heredero de las promesas a Abrahán,Génesis 28:13-15; Génesis 35:10,,Perseverancia; amor a la adoración verdadera; arrepentimiento,Génesis 28; Génesis 32; Génesis 47,Engañó a Esaú y a Isaac para obtener la primogenitura y la bendición,Génesis 27,Jehová puede transformar a quien lucha por cambiar y confía en sus promesas,67,10,"personajes_biblicos,hechos_biblicos,preguntas,curacion_manual"
10,José,,M,Efraín (por sus hijos),Administrador,Ficha de Personaje: Funcionarios,,-1767,-1647,120,egi,S1,Sin potencia (anterior a Egipto),"Dotán → Egipto; Egipto; Jerusalén; Belén; Nazaret; Jerusalén; Gosén, Egipto; Belén; Belén; Jerusalén","Nace José (1767 a. E. C.) [Gén. 30:23; Gé 30:24]; Hermanos de José lo venden como esclavo (1750 a. E. C.) [Gén. 37:2, 28]; José hecho primer ministro de Egipto (1737 a. E. C.) [Gén. 41:40; Gé 41:46]; Jacob entra con toda su familia en Egipto (1728 a. E. C.) [Gén. 45:6; Gé 46:26; Gé 47:9]; José se reúne con su familia (c. 1709 a. E. C.) [Génesis 42:1-47:12]; Muere José (1657 a. E. C.) [Gén. 50:26]; Nace Jesús en Belén (2 a. E. C.) [Mt 1:1-25; Lu 2:1-7; Jn 1:1-14]; Jesús circuncidado y presentado en el templo (2 a. E. C.) [Luc. 2:21-38]; Astrólogos, huida a Egipto y regreso (1 a. E. C.) [Mt 2:1-23; Lu 2:39, 40]; Jesús de 12 años en el templo (12 e. c.) [Luc. 2:41-52]",Jesús (4); María (4); Jacob (3); Faraón (1); Simeón (1); Ana (1),-1767,12,Génesis 50:20,Instrumento para preservar vida durante el hambre,Génesis 45:5-8,,Íntegro; perdonador; prudente; leal a Jehová en tierra extranjera,Génesis 39; Génesis 45,De joven provocó celos al relatar sus sueños con descaro,Génesis 37:5-11,Jehová puede convertir la maldad ajena en bien para cumplir su propósito,130,10,"personajes_biblicos,hechos_biblicos,preguntas,curacion_manual"
11,"Sifrá, Pua, Amram, Jokébed y Míriam",amram; jokebed y miriam; pua; sifra,,,,,,-1645,-1474,171,ec,S1,Egipto,,,,,,,,,,,,,,,1,0,"personajes_biblicos,preguntas"
12,Moisés,,M,Leví,Profeta,,Legislador,-1593,-1473,120,egi,S1,Egipto,Egipto; Monte Sinaí (Horeb); Desierto de Sinaí; Monte Sinaí; Llanuras de Moab; Monte Nebo (Pisga),"Nace Moisés (1593 a. E. C.) [Éxo. 2:2, 10]; Moisés se ofrece como libertador; huye a Madián (1553 a. E. C.) [Éxo. 2:11; Éxodo 2:14; Éxodo 2:15; Hech. 7:23]; Moisés frente al arbusto ardiente (c. 1514 a. E. C.) [Éxo. 3:2]; Las diez plagas (1513 a. E. C.) [Éxodo 7:1-12:36]; Pascua; israelitas salen de Egipto; librados en el mar Rojo; el poder de Egipto sacudido; fin del período de 400 años de aflicción (1513 a. E. C.) [Éxo. 12:12; 14:27, 29, 30; Gén. 15:13, 14]; Maná en el desierto (1513 a. E. C.) [Éxodo 16:1-36]; Pacto de la Ley hecho en el monte Sinaí (Horeb) (1513 a. E. C.) [Éxo. 24:6-8]; Becerro de oro (1513 a. E. C.) [Éxodo 32:1-35]; Travesía del desierto (40 años) (1513-1473 a. E. C.) [Números 14:26-35; Deuteronomio 34:5]; Moisés compila Génesis en el desierto; empieza a escribirse la Biblia (1513 a. E. C.) [Juan 5:46]; Termina el período de 430 años desde la validación del pacto con Abrahán (1513 a. E. C.) [Gál. 3:17; Éxo. 12:40]; Se completa la construcción del tabernáculo (1512 a. E. C.) [Éxo. 40:17]; Se instala el sacerdocio aarónico (1512 a. E. C.) [Lev. 8:34-36]; Censo y orden del campamento (1512 a. E. C.) [Números 1:1-10:36]; Moisés completa Éxodo y Levítico (1512 a. E. C.) [Lev. 27:34; Núm. 1:1]; Moisés escribe Deuteronomio (1473 a. E. C.) [Deu. 1:1, 3]; Muere Moisés en el monte Nebo en Moab (1473 a. E. C.) [Deu. 34:1; Deu. 34:5, 7]; Josué nombrado sucesor de Moisés (1473 a. E. C.) [Deuteronomio 31:1-8]; Moisés completa el libro de Job (c. 1473 a. E. C.) [Job 42:16, 17]; Moisés completa Números en las llanuras de Moab (1473 a. E. C.) [Núm. 35:1; Núm. 36:13]; Pacto con Israel en Moab (1473 a. E. C.) [Deu. 29:1]",Aarón (5); Josué (2); Faraón (1); Bezaleel (1); Caleb (1); Job (1),-1593,-1473,Deuteronomio 34:10,"Profeta incomparable en Israel, conocido cara a cara",Deuteronomio 34:10-12,,Humildad; valentía; mediador; celo por la gloria de Jehová,Números 12:3; Éxodo 32:11-14,Golpeó la roca y no santificó a Jehová delante de Israel,Números 20:10-12,"El liderazgo espiritual exige obediencia exacta, no solo buenas intenciones",122,21,"personajes_biblicos,hechos_biblicos,preguntas,curacion_manual"
13,Aarón,,M,Leví,Sumo sacerdote,,Levita,-1596,-1473,123,egi,S1,Egipto,Egipto; Monte Sinaí; Desierto de Sinaí,Las diez plagas (1513 a. E. C.) [Éxodo 7:1-12:36]; Becerro de oro (1513 a. E. C.) [Éxodo 32:1-35]; Travesía del desierto (40 años) (1513-1473 a. E. C.) [Números 14:26-35; Deuteronomio 34:5]; Se instala el sacerdocio aarónico (1512 a. E. C.) [Lev. 8:34-36]; Censo y orden del campamento (1512 a. E. C.) [Números 1:1-10:36],Moisés (5); Faraón (1); Josué (1); Caleb (1),-1513,-1512,Éxodo 28:1,Primer sumo sacerdote de Israel; portavoz de Moisés,Éxodo 4:14-16; Éxodo 28:1,,Servicio como mediador; apoyo a Moisés,Éxodo 4; Levítico 8,Cedió al pueblo en el becerro de oro; murmuró contra Moisés,Éxodo 32; Números 12:1-2,El liderazgo espiritual exige firmeza ante la presión popular,17,5,"personajes_biblicos,hechos_biblicos,fichas_xlsx,preguntas,curacion_manual"
14,Caleb,,M,Judá,Líder,,Explorador,-1552,-1450,102,egi,S1,Egipto,Cades-barnea; Desierto de Sinaí,Travesía del desierto (40 años) (1513-1473 a. E. C.) [Números 14:26-35; Deuteronomio 34:5]; Los doce espías (1512 a. E. C.) [Números 13:1-14:45],Josué (2); Moisés (1); Aarón (1),-1513,-1512,Números 14:24,Siguió a Jehová plenamente; recibió Hebrón como herencia,Números 14:24; Josué 14:6-14,"A Caleb le seguiré, porque seguirá a Jehová plenamente.",Fe; valentía; constancia en la vejez,Números 13:30; Josué 14:10-12,,,La fe firme en la promesa de Jehová se recompensa aun después de muchos años,50,2,"personajes_biblicos,hechos_biblicos,preguntas,curacion_manual"
15,Josué,,M,Efraín,Líder,Ficha de Personaje: Soldados,Militar,-1560,-1450,110,jue,S1,Egipto,Cades-barnea; Jericó; Río Jordán; Valle de Acor; Gabaón / Bet-horón; Siquem; Llanuras de Moab; Canaán; Desierto de Sinaí; Timnat-serah (Efraín),"Travesía del desierto (40 años) (1513-1473 a. E. C.) [Números 14:26-35; Deuteronomio 34:5]; Los doce espías (1512 a. E. C.) [Números 13:1-14:45]; Rahab y los espías (1473 a. E. C.) [Josué 2:1-24]; Israel entra en Canaán bajo Josué (1473 a. E. C.) [Jos. 4:19]; Caída de Jericó (1473 a. E. C.) [Josué 6:1-27]; Pecado de Acán (1473 a. E. C.) [Josué 7:1-26]; El sol se detiene (1473 a. E. C.) [Josué 10:1-14]; Josué nombrado sucesor de Moisés (1473 a. E. C.) [Deuteronomio 31:1-8]; Asamblea de Siquem (c. 1467 a. E. C.) [Josué 24:1-28]; Se completa conquista general de la tierra; fin de los ""unos 450 años"" de Hechos 13:17-20 (1467 a. E. C.) [Jos. 11:23; 14:7, 10-15]; Muere Josué (c. 1450 a. E. C.) [Jos. 24:29]; Se completa el libro de Josué (c. 1450 a. E. C.) [Jos. 1:1; Jos 24:26]",Caleb (2); Rahab (2); Moisés (2); Acán (1); Aarón (1),-1513,-1450,Josué 24:15,Ministro de Moisés; guía fiel que condujo a Israel a la Tierra Prometida,Números 27:18-23; Josué 1:1-9,Yo y mi casa serviremos a Jehová.,Valentía; obediencia; confianza en las promesas de Jehová,Números 14:6-9; Josué 1; Josué 6,,,La obediencia valiente a Jehová trae victoria donde la fe humana flaquea,88,12,"personajes_biblicos,hechos_biblicos,preguntas,curacion_manual"
16,Rahab,,F,,Habitante de Jericó,,,-1500,-1400,100,jue,S1,Egipto,Jericó,Rahab y los espías (1473 a. E. C.) [Josué 2:1-24]; Caída de Jericó (1473 a. E. C.) [Josué 6:1-27],Josué (2),-1473,-1473,Josué 2:11,Mostró fe al esconder a los espías; incluida en la genealogía del Mesías,Josué 6:22-25; Mateo 1:5; Hebreos 11:31,,Fe; valentía; reconocimiento del poder de Jehová,Josué 2; Santiago 2:25,Antecedentes de prostitución (contexto de su pasado),Josué 2:1; Josué 6:25,Jehová valora la fe sincera sin importar el origen de la persona,37,2,"personajes_biblicos,hechos_biblicos,preguntas,curacion_manual"
17,"Noemí, Rut, Débora, Barac, Jael, Gedeón, Jefté y su hija, y Sansón",barac; debora; gedeon; jael; jefte y su hija; noemi; rut; y sanson,,,Juez,Ficha de Personaje: Jueces,,-1450,-1120,330,jue,S1,Egipto,Monte Tabor / Cedrón; Manantial de Harod; Belén,Débora y Barac (c. 1200 a. E. C.) [Jueces 4:1-5:31]; Gedeón y los 300 (c. 1180 a. E. C.) [Jueces 6:1-8:35]; Rut y Booz (c. 1100 a. E. C.) [Rut 1:1-4:22],Sísara (3); Booz (2),-1200,-1100,,,,,,,,,,141,3,"personajes_biblicos,hechos_biblicos,preguntas"
18,Samuel,,M,Leví,Profeta,Ficha de Personaje: Reyes,Juez,-1150,-1080,70,mon,S2,Egipto,Silo; Mispá; Guilgal; Belén,Nacimiento de Samuel (c. 1117 a. E. C.) [1 Samuel 1:1-2:11]; Llamado de Samuel (c. 1117 a. E. C.) [1 Samuel 3:1-21]; Samuel unge rey de Israel a Saúl (1117 a. E. C.) [1 Sam. 10:24; Hech. 13:21]; Saúl rechazado (c. 1107 a. E. C.) [1 Samuel 15:1-35]; David ungido por Samuel (c. 1107 a. E. C.) [1 Samuel 16:1-13]; Samuel completa el libro de Jueces (c. 1100 a. E. C.) [Jue. 21:25]; Samuel completa el libro de Rut (c. 1090 a. E. C.) [Rut 4:18-22]; Se completa el libro de 1 Samuel (c. 1078 a. E. C.) [1 Sam. 31:6],Elí (2); Saúl (2); Ana (1); Elcaná (1); David (1),-1117,-1078,1 Samuel 3:19,Profeta fiel que ungió a los primeros reyes de Israel,1 Samuel 3:19-21; Hechos 13:20,,Integridad; obediencia desde niño; imparcialidad,1 Samuel 1-3; 1 Samuel 12,,,Servir a Jehová desde joven prepara a uno para grandes responsabilidades,35,8,"personajes_biblicos,hechos_biblicos,preguntas,curacion_manual"
19,Saúl,,M,Benjamín,Rey,Ficha de Personaje: Reyes,,-1117,-1077,40,mon,S2,Egipto,Mispá; Guilgal; Valle de Elá; Corte de Saúl; En-guedi; Monte Gilboa,Samuel unge rey de Israel a Saúl (1117 a. E. C.) [1 Sam. 10:24; Hech. 13:21]; Saúl rechazado (c. 1107 a. E. C.) [1 Samuel 15:1-35]; Muerte de Saúl (1077 a. E. C.) [1 Samuel 31:1-13]; David y Goliat (c. 1063 a. E. C.) [1 Samuel 17:1-58]; Amistad de David y Jonatán (c. 1063 a. E. C.) [1 Samuel 18:1-20:42]; David perdona a Saúl (c. 1056 a. E. C.) [1 Samuel 24:1-22],David (3); Samuel (2); Jonatán (2); Goliat (1),-1117,-1056,1 Samuel 9:2,"Primer rey de Israel; inicialmente humilde, luego rechazado por desobediencia",1 Samuel 9:21; 1 Samuel 15:22-23,,Humildad inicial; valentía militar en algunos momentos,1 Samuel 9; 1 Samuel 11,Desobedeció a Jehová; celoso y violento contra David,1 Samuel 13; 1 Samuel 15; 1 Samuel 18-19,La desobediencia parcial puede costarnos la aprobación y el reinado de Jehová,33,6,"personajes_biblicos,hechos_biblicos,fichas_xlsx,preguntas,curacion_manual"
20,Jonatán,,M,Benjamín,Príncipe,Ficha de Personaje: Reyes,Guerrero,-1110,-1077,33,mon,S2,Egipto,Corte de Saúl; Monte Gilboa,Muerte de Saúl (1077 a. E. C.) [1 Samuel 31:1-13]; Amistad de David y Jonatán (c. 1063 a. E. C.) [1 Samuel 18:1-20:42],Saúl (2); David (1),-1077,-1063,1 Samuel 18:1,Hijo de Saúl que reconoció a David como futuro rey y lo protegió,1 Samuel 18:1-4; 1 Samuel 23:16-18,,Lealtad a Jehová; amistad leal; humildad; valentía,1 Samuel 14; 1 Samuel 18-20,Permaneció ligado lealmente a su padre desobediente hasta la muerte,1 Samuel 20; 1 Samuel 31,La lealtad a Jehová puede exigir priorizar su elección sobre los lazos familiares,36,2,"personajes_biblicos,hechos_biblicos,fichas_xlsx,preguntas,curacion_manual"
21,David,,M,Judá,Rey,Ficha de Personaje: Reyes,,-1107,-1037,70,mon,S2,Egipto,Belén; Valle de Elá; Corte de Saúl; En-guedi; Hebrón; Jerusalén; Jerusalén / Mahanaim; Israel,David ungido por Samuel (c. 1107 a. E. C.) [1 Samuel 16:1-13]; Nace David en Belén (1107 a. E. C.) [1 Sam. 16:1]; David sube al trono de Judá en Hebrón (1077 a. E. C.) [2 Sam. 2:4]; David rey de todo Israel (1070 a. E. C.) [2 Samuel 5:1-12]; El Arca traída a Jerusalén; se hace el pacto del reino con David (d. 1070 a. E. C.) [2 Sam. 6:15; 2 Samuel  7:12-16]; David sube al trono de todo Israel; hace de Jerusalén la capital (1070 a. E. C.) [2 Sam. 5:3-7]; Arca llevada a Jerusalén (c. 1067 a. E. C.) [2 Samuel 6:1-23]; David traslada el arca (c. 1067 a. E. C.) [1 Crónicas 15:1-17:27]; David y Goliat (c. 1063 a. E. C.) [1 Samuel 17:1-58]; Amistad de David y Jonatán (c. 1063 a. E. C.) [1 Samuel 18:1-20:42]; David perdona a Saúl (c. 1056 a. E. C.) [1 Samuel 24:1-22]; Salmos de David (c. 1077-1037 a. E. C.) [Salmo 1:1-150:6]; Pecado con Bat-seba (c. 1040 a. E. C.) [2 Samuel 11:1-12:25]; Salomón rey (1037 a. E. C.) [1 Reyes 1:1-2:46]; Instrucciones para el templo (c. 1037 a. E. C.) [1 Crónicas 22:1-29:30]; Salomón sucede a David como rey de Israel (1037 a. E. C.) [1 Rey. 1:39; 1 Reyes  2:12]; Rebelión de Absalón (c. 1035 a. E. C.) [2 Samuel 15:1-19:8]; Censo de David (c. 1035 a. E. C.) [1 Crónicas 21:1-22:1],Saúl (3); Salomón (3); Natán (2); Samuel (1); Goliat (1); Jonatán (1),-1107,-1035,Hechos 13:22,Un hombre conforme al corazón de Jehová,Hechos 13:22,"He encontrado a David hijo de Jesé, un hombre conforme a mi corazón, quien hará todas mis voluntades.",Valiente; leal; arrepentido; adorador; perdonador,1 Samuel 17; Salmos; 2 Samuel 12,Cometió adulterio con Betsabé; dispuso la muerte de Urías,2 Samuel 11,Incluso un siervo muy amado por Jehová necesita humildad y obediencia constantes,181,18,"personajes_biblicos,hechos_biblicos,fichas_xlsx,preguntas,curacion_manual"
22,Abigaíl,,F,,Esposa,Ficha de Personaje: Reyes,,-1080,-1000,80,ec,S2,Egipto,,,,,,1 Samuel 25:33,Mujer sensata que impidió un derramamiento de sangre innecesario,1 Samuel 25:32-33,,Sabiduría; prudencia; intercesión; humildad,1 Samuel 25,,,La sabiduría y la intervención oportuna pueden evitar graves consecuencias,27,0,"personajes_biblicos,preguntas,curacion_manual"
23,Natán,,M,,Profeta,Ficha de Personaje: Reyes,,-1060,-990,70,mon,S2,Egipto,Jerusalén,Pecado con Bat-seba (c. 1040 a. E. C.) [2 Samuel 11:1-12:25]; Gad y Natán completan 2 Samuel (c. 1040 a. E. C.) [2 Sam. 24:18]; Salomón rey (1037 a. E. C.) [1 Reyes 1:1-2:46],David (2); Bat-seba (1); Urías (1); Salomón (1); Sadoc (1); Gad (1),-1040,-1037,2 Samuel 12:7,Profeta que confrontó a David y anunció el pacto mesiánico,2 Samuel 12:1-15; 2 Samuel 7:4-17,,Valentía; sabiduría; lealtad a la verdad de Jehová,2 Samuel 12; 2 Samuel 7,,,Un profeta fiel debe decir la verdad incluso al rey,17,3,"personajes_biblicos,hechos_biblicos,preguntas,curacion_manual"
24,Mefibóset,,M,Benjamín,Príncipe,Ficha de Personaje: Reyes,,-1075,-1000,75,ec,S2,Egipto,,,,,,2 Samuel 9:7,Nieto de Jonatán honrado por David por lealtad al pacto,2 Samuel 9:1-13,,Humildad; gratitud; lealtad,2 Samuel 9; 2 Samuel 19:24-30,,,La lealtad al pacto puede extenderse con bondad a generaciones futuras,23,0,"personajes_biblicos,preguntas,curacion_manual"
25,Salomón,,M,Judá,Rey,Ficha de Personaje: Reyes,,-1037,-997,40,mon,S2,Egipto,Jerusalén; Gabaón → Jerusalén,Salomón rey (1037 a. E. C.) [1 Reyes 1:1-2:46]; Instrucciones para el templo (c. 1037 a. E. C.) [1 Crónicas 22:1-29:30]; Salomón sucede a David como rey de Israel (1037 a. E. C.) [1 Rey. 1:39; 1 Reyes  2:12]; Comienza la construcción del templo de Salomón (1034 a. E. C.) [1 Rey. 6:1]; Se completa el templo en Jerusalén (1027 a. E. C.) [1 Rey. 6:38]; Dedicación del templo (1026 a. E. C.) [1 Reyes 8:1-9:9]; Salomón completa El Cantar de los Cantares (c. 1020 a. E. C.) [Cant. de Can. 1:1]; Proverbios de Salomón (c. 1000 a. E. C.) [Proverbios 1:1-31:31]; Eclesiastés (c. 1000 a. E. C.) [Eclesiastés 1:1-12:14]; Cantar de los Cantares (c. 1000 a. E. C.) [CANTAR 1-8]; Salomón completa el libro de Eclesiastés (a. 1000 a. E. C.) [Ecl. 1:1]; Reina de Seba (c. 993 a. E. C.) [1 Reyes 10:1-13]; Se completa la compilación de Proverbios (c. 717 a. E. C.) [Pro. 25:1],David (3); Sadoc (1); Natán (1); reina de Seba (1); Agur (1); Lemuel (1),-1037,-717,1 Reyes 3:12,Rey sabio que edificó el templo; al final su corazón se desvió,1 Reyes 3:12; 1 Reyes 11:1-6,,Sabiduría; celo inicial por el templo; paz en su reinado,1 Reyes 3; 1 Reyes 8; Proverbios 1,Muchas esposas extranjeras; se inclinó a ídolos en su vejez,1 Reyes 11:1-8,"Las bendiciones de Jehová requieren obediencia constante, no solo un buen comienzo",59,13,"personajes_biblicos,hechos_biblicos,fichas_xlsx,preguntas,curacion_manual"
26,Rehoboam,,M,Judá,Rey,Ficha de Personaje: Reyes,,-997,-980,17,div,S2,Egipto,Jerusalén,"Rehoboam sucede a Salomón; el reino se divide; Jeroboán empieza a gobernar como rey de Israel (997 a. E. C.) [1 Rey. 11:43; 12:19, 20]; Sisaq invade a Judá y se lleva tesoros del templo (993 a. E. C.) [1 Rey. 14:25; 1 Reyes  14:26]",Jeroboán (1); Sisaq (1),-997,-993,1 Reyes 12:8,Rey cuyo orgullo dividió el reino de Israel,1 Reyes 12:1-19,,Ninguna fiel destacada en las Escrituras,,Arrogancia; rechazó consejo sabio; dividió la nación,1 Reyes 12,Despreciar el buen consejo puede destruir lo que se hereda,7,2,"personajes_biblicos,hechos_biblicos,fichas_xlsx,preguntas,curacion_manual"
27,Abías,,,,Rey,Ficha de Personaje: Reyes,,-980,-977,3,ec,S2,Egipto,,,,,,,,,,,,,,,3,0,"personajes_biblicos,preguntas"
28,Asá,,M,Judá,Rey,Ficha de Personaje: Reyes,,-978,-937,41,div,S2,Egipto,Jerusalén,Asá sucede a Abiyam como rey de Judá (977 a. E. C.) [1 Rey. 15:9; 1 Reyes  15:10],,-977,-977,1 Reyes 15:14,Rey que eliminó ídolos y fortaleció la adoración pura en Judá,1 Reyes 15:9-15; 2 Crónicas 14:2-5,,Reformas religiosas; confianza en Jehová ante ejércitos numerosos,2 Crónicas 14; 2 Crónicas 15,En su vejez confió en médicos en lugar de buscar plenamente a Jehová,2 Crónicas 16:12-13,La fidelidad juvenil debe sostenerse hasta el final de la vida,25,1,"personajes_biblicos,hechos_biblicos,preguntas,curacion_manual"
29,Jehosafat,,M,Judá,Rey,Ficha de Personaje: Reyes,,-937,-912,25,div,S2,Egipto,Jerusalén,Jehosafat sucede a Asá como rey de Judá (936 a. E. C.) [1 Rey. 22:41; 1 Reyes  22:42],,-936,-936,2 Crónicas 17:3,Rey que buscó a Jehová y envió maestros de la Ley por todo Judá,2 Crónicas 17:3-9; 2 Crónicas 20:20,,Reformas espirituales; oración en la crisis; enseñanza de la Ley,2 Crónicas 17; 2 Crónicas 20,Se alió imprudentemente con reyes malvados (Acab y Ocozías),1 Reyes 22; 2 Crónicas 18,"Buscar a Jehová trae protección, pero las alianzas con malhechores debilitan la fidelidad",27,1,"personajes_biblicos,hechos_biblicos,fichas_xlsx,preguntas,curacion_manual"
30,Jehoram (Judá),,,,Rey,Ficha de Personaje: Reyes,,-913,-905,8,ec,S2,Egipto,,,,,,,,,,,,,,,0,0,personajes_biblicos
31,Ocozías (Judá),,,,Rey,Ficha de Personaje: Reyes,,-906,-905,1,ec,S2,Egipto,,,,,,,,,,,,,,,0,0,personajes_biblicos
32,Atalía,,,,Rey,Ficha de Personaje: Reyes,,-905,-899,6,div,S2,Egipto,Jerusalén,La reina Atalía usurpa el trono de Judá (c. 905 a. E. C.) [2 Rey. 11:1-3],,-905,-905,,,,,,,,,,6,1,"personajes_biblicos,hechos_biblicos,preguntas"
33,Jehoás (Judá),,,,Rey,Ficha de Personaje: Reyes,,-898,-858,40,ec,S2,Egipto; Asiria,,,,,,,,,,,,,,,0,0,personajes_biblicos
34,Amasías,,,,Rey,Ficha de Personaje: Reyes,,-858,-829,29,div,S2,Asiria,Jerusalén,Amasías sucede a Jehoás como rey de Judá (858 a. E. C.) [2 Rey. 14:1; 2 Reyes  14:2],,-858,-858,,,,,,,,,,4,1,"personajes_biblicos,hechos_biblicos,preguntas"
35,Uzías,,,,Rey,Ficha de Personaje: Reyes,,-829,-777,52,div,S2,Asiria,Jerusalén,Uzías (Azarías) sucede a Amasías como rey de Judá (829 a. E. C.) [2 Rey. 15:1; 2 Reyes  15:2],,-829,-829,,,,,,,,,,4,1,"personajes_biblicos,hechos_biblicos,preguntas"
36,Jotán,,,,Rey,Ficha de Personaje: Reyes,,-777,-762,15,div,S2,Asiria,Jerusalén,Jotán sucede a Uzías (Azarías) como rey de Judá (777 a. E. C.) [2 Rey. 15:32; 2 Reyes  15:33],,-777,-777,,,,,,,,,,2,1,"personajes_biblicos,hechos_biblicos,preguntas"
37,Acaz,,,,Rey,Ficha de Personaje: Reyes,,-762,-746,16,div,S2,Asiria,Jerusalén,Acaz sucede a Jotán como rey de Judá (c. 761 a. E. C.) [2 Rey. 16:1; 2 Reyes  16:2],,-761,-761,,,,,,,,,,4,1,"personajes_biblicos,hechos_biblicos,preguntas"
38,Ezequías,,M,Judá,Rey,Ficha de Personaje: Reyes,,-746,-716,30,div,S2,Asiria,Jerusalén,"Ezequías sucede a Acaz como rey de Judá (745 a. E. C.) [2 Rey. 18:1, 2]; Ezequías y Senaquerib (732 a. E. C.) [2 Reyes 18:13-19:37]; Senaquerib invade a Judá (732 a. E. C.) [2 Rey. 18:13]; Reformas de Ezequías (c. 716 a. E. C.) [2 Crónicas 29:1-32:33]",Senaquerib (2); Isaías (1),-745,-716,2 Reyes 18:5,Rey que confió en Jehová como ningún otro rey de Judá antes o después,2 Reyes 18:5-7; 2 Crónicas 31:20-21,,Reformas religiosas; oración; confianza en Jehová,2 Reyes 18; 2 Crónicas 29-31,Mostró tesoros a enviados de Babilonia; orgullo temporal,2 Reyes 20:12-19,La confianza en Jehová puede salvar a un pueblo frente a enemigos abrumadores,50,4,"personajes_biblicos,hechos_biblicos,fichas_xlsx,preguntas,curacion_manual"
39,Manasés,,M,Judá,Rey,Ficha de Personaje: Reyes,,-716,-661,55,div,S2,Asiria,Jerusalén,Manasés sucede a Ezequías como rey de Judá (716 a. E. C.) [2 Rey. 21:1],,-716,-716,2 Crónicas 33:12-13,Rey que pecó gravemente pero se arrepintió y fue escuchado,2 Crónicas 33:1-17,,Arrepentimiento sincero; reformas tardías,2 Crónicas 33:12-17,Idolatría extrema; derramamiento de sangre inocente; hechicería,2 Reyes 21:1-9,El arrepentimiento genuino puede mover a Jehová a mostrar misericordia,21,1,"personajes_biblicos,hechos_biblicos,fichas_xlsx,preguntas,curacion_manual"
40,Amón,,,,Rey,Ficha de Personaje: Reyes,,-661,-659,2,div,S2,Asiria,Jerusalén,Amón sucede a Manasés como rey de Judá (661 a. E. C.) [2 Rey. 21:19],,-661,-661,,,,,,,,,,2,1,"personajes_biblicos,hechos_biblicos,preguntas"
41,Josías,,M,Judá,Rey,Ficha de Personaje: Reyes,,-659,-628,31,div,S2,Asiria,Jerusalén,Josías sucede a Amón como rey de Judá (659 a. E. C.) [2 Rey. 22:1]; Josías repara el templo (c. 648 a. E. C.) [2 Reyes 22:1-23:30]; Reformas de Josías (c. 648 a. E. C.) [2 Crónicas 34:1-35:27],Hilcías (1),-659,-648,2 Reyes 23:25,"Rey que volvió a Jehová con todo su corazón, alma y fuerzas",2 Reyes 23:25; 2 Crónicas 34:1-3,,Zelo por la pureza del culto; humildad juvenil; reforma,2 Reyes 22; 2 Reyes 23,Intervino en conflicto ajeno y murió prematuramente,2 Crónicas 35:20-24,Buscar a Jehová desde joven puede cambiar el curso espiritual de una nación,45,3,"personajes_biblicos,hechos_biblicos,fichas_xlsx,preguntas,curacion_manual"
42,Jehoacaz,,,,Rey,Ficha de Personaje: Reyes,,-628,-628,0,div,S2,Asiria,Samaria,"Jehoacaz sucede a Jehú como rey de Israel (876 a. E. C.) [2 Rey. 13:1]; Jehoacaz, sucesor de Josías, reina en Judá (628 a. E. C.) [2 Rey. 23:31]",,-876,-628,,,,,,,,,,2,2,"personajes_biblicos,hechos_biblicos,preguntas"
43,Jehoiaquim,,,,Rey,Ficha de Personaje: Reyes,,-628,-618,10,div,S2,Asiria; Babilonia,Jerusalén,Jehoiaquim sucede a Jehoacaz como rey de Judá (628 a. E. C.) [2 Rey. 23:36]; Nabucodonosor hace rey tributario a Jehoiaquim (620 a. E. C.) [2 Rey. 24:1],Nabucodonosor (1),-628,-620,,,,,,,,,,1,2,"personajes_biblicos,hechos_biblicos,preguntas"
44,Joaquín,,,,Rey,Ficha de Personaje: Reyes,,-618,-617,1,exi,S2,Babilonia,Jerusalén,"Joaquín sube al trono después de Jehoiaquim en Judá (618 a. E. C.) [2 Rey. 24:6, 8]",,-618,-618,,,,,,,,,,4,1,"personajes_biblicos,hechos_biblicos,preguntas"
45,Sedequías,,M,Judá,Rey,Ficha de Personaje: Reyes,,-617,-607,10,exi,S2,Babilonia,Babilonia,Nabucodonosor se lleva a los primeros cautivos judíos a Babilonia; se hace rey de Judá a Sedequías (617 a. E. C.) [Dan. 1:1-4; 2 Rey. 24:12-18],Nabucodonosor (1); Daniel (1),-617,-617,2 Reyes 25:7,Último rey de Judá antes del exilio; no escuchó a los profetas,2 Reyes 24:18-25:7; Jeremías 38,,Ninguna fiel destacada en las Escrituras,,Desobediencia; cobardía; no creyó las advertencias de Jeremías,2 Reyes 25; Jeremías 38,Rechazar la advertencia profética conduce al desastre nacional,29,1,"personajes_biblicos,hechos_biblicos,preguntas,curacion_manual"
46,Jeroboán I,,M,Efraín,Rey,Ficha de Personaje: Reyes,,-997,-975,22,ec,S2,Egipto,,,,,,1 Reyes 12:28-30,Primer rey del norte que estableció culto ilegítimo (ver Jeroboán),1 Reyes 12:26-33,,Ninguna fiel destacada en las Escrituras,,Apostasía; becerros de oro,1 Reyes 12,Ver ficha curada de Jeroboán,0,0,"personajes_biblicos,fichas_xlsx,curacion_manual"
47,Nadab,,,,Rey,Ficha de Personaje: Reyes,,-976,-975,1,div,S2,Egipto,Samaria,Nadab sucede a Jeroboán como rey de Israel (c. 976 a. E. C.) [1 Rey. 14:20],,-976,-976,,,,,,,,,,1,1,"personajes_biblicos,hechos_biblicos,preguntas"
48,Baasá,,,,Rey,Ficha de Personaje: Reyes,,-975,-951,24,div,S2,Egipto,Samaria,Baasá sucede a Nadab como rey de Israel (c. 975 a. E. C.) [1 Rey. 15:33],,-975,-975,,,,,,,,,,3,1,"personajes_biblicos,hechos_biblicos,preguntas"
49,Elá,,,,Rey,Ficha de Personaje: Reyes,,-952,-951,1,ec,S2,Egipto,,,,,,,,,,,,,,,0,0,personajes_biblicos
50,Zimrí,,,,Rey,Ficha de Personaje: Reyes,,-951,-951,0,div,S2,Egipto,Samaria,Zimrí sucede a Elah como rey de Israel (c. 951 a. E. C.) [1 Rey. 16:15],,-951,-951,,,,,,,,,,2,1,"personajes_biblicos,hechos_biblicos,preguntas"
51,Omrí,,,,Rey,Ficha de Personaje: Reyes,,-940,-932,8,div,S2,Egipto,Samaria,Omrí y Tibní suceden a Zimrí como reyes de Israel (c. 951 a. E. C.) [1 Rey. 16:21]; Omrí gobierna solo como rey de Israel (c. 947 a. E. C.) [1 Rey. 16:22; 1 Reyes  16:23],Tibní (1),-951,-947,,,,,,,,,,4,2,"personajes_biblicos,hechos_biblicos,preguntas"
52,Acab,,M,Israel (norte),Rey,Ficha de Personaje: Reyes,,-920,-898,22,div,S2,Egipto,Jezreel; Samaria,Viña de Nabot (c. 940-917 a. E. C.) [1 Reyes 21:1-29]; Acab sucede a Omrí como rey de Israel (c. 940 a. E. C.) [1 Rey. 16:29],Nabot (1); Jezabel (1); Eliás (1),-940,-940,1 Reyes 21:25,Rey que hizo más para ofender a Jehová que todos los reyes de Israel antes de él,1 Reyes 21:25-26; 1 Reyes 16:30-33,,Ninguna fiel destacada en las Escrituras,,Idolatría; violencia; codicia; influencia de Jezabel,1 Reyes 16; 1 Reyes 21,La maldad persistente trae juicio sobre la dinastía y la nación,8,2,"personajes_biblicos,hechos_biblicos,fichas_xlsx,preguntas,curacion_manual"
53,Ocozías (Israel),,,,Rey,Ficha de Personaje: Reyes,,-917,-915,2,ec,S2,Egipto,,,,,,,,,,,,,,,0,0,personajes_biblicos
54,Jehoram (Israel),,,,Rey,Ficha de Personaje: Reyes,,-917,-905,12,ec,S2,Egipto,,,,,,,,,,,,,,,0,0,personajes_biblicos
55,Jehú,,,,Rey,Ficha de Personaje: Reyes,,-905,-877,28,div,S2,Egipto,Samaria,Jehú sucede a Jehoram como rey de Israel (c. 905 a. E. C.) [2 Rey. 9:24; 2 Reyes  9:27; 2 Reyes  10:36],,-905,-905,,,,,,,,,,7,1,"personajes_biblicos,hechos_biblicos,preguntas"
56,Jehoacaz (Israel),,,,Rey,Ficha de Personaje: Reyes,,-876,-862,14,ec,S2,Egipto; Asiria,,,,,,,,,,,,,,,0,0,personajes_biblicos
57,Jehoás (Israel),,,,Rey,Ficha de Personaje: Reyes,,-859,-843,16,ec,S2,Asiria,,,,,,,,,,,,,,,0,0,personajes_biblicos
58,Jeroboán II,,,,Rey,Ficha de Personaje: Reyes,,-844,-803,41,div,S2,Asiria,Samaria,Jeroboán II sucede a Jehoás como rey de Israel (c. 844 a. E. C.) [2 Rey. 14:23],,-844,-844,,,,,,,,,,1,1,"personajes_biblicos,hechos_biblicos,preguntas"
59,Zacarías (rey),,,,Rey,Ficha de Personaje: Reyes,,-792,-791,1,ec,S2,Asiria,,,,,,,,,,,,,,,0,0,personajes_biblicos
60,Salum,,,,Rey,Ficha de Personaje: Reyes,,-791,-791,0,div,S2,Asiria,Samaria,Salum sucede a Zacarías como rey de Israel (c. 791 a. E. C.) [2 Rey. 15:13; 2 Reyes  15:17],,-791,-791,,,,,,,,,,3,1,"personajes_biblicos,hechos_biblicos,preguntas"
61,Menahem,,,,Rey,Ficha de Personaje: Reyes,,-780,-770,10,div,S2,Asiria,Samaria,Menahem sucede a Salum como rey de Israel (c. 791 a. E. C.) [2 Rey. 15:17],,-791,-791,,,,,,,,,,1,1,"personajes_biblicos,hechos_biblicos,preguntas"
62,Pecahías,,,,Rey,Ficha de Personaje: Reyes,,-778,-776,2,ec,S2,Asiria,,,,,,,,,,,,,,,0,0,personajes_biblicos
63,Pécah,,,,Rey,Ficha de Personaje: Reyes,,-778,-758,20,ec,S2,Asiria,,,,,,,,,,,,,,,0,0,personajes_biblicos
64,Hosea,oseas rey,M,,Rey,Ficha de Personaje: Reyes,,-748,-740,8,div,S2,Asiria,Samaria,Hosea 'empieza a reinar' en Israel (c. 758 a. E. C.) [2 Rey. 15:30],,-758,-758,2 Reyes 17:1,Último rey del reino de diez tribus; reinó 9 años desde c. 748,2 Reyes 17:1-6,Parece que alrededor del año 748 Hosea es reconocido plenamente como rey o quizás consigue el apoyo del monarca asirio Tiglat-Piléser III.,,,,,"Bajo su reinado Samaria fue sitiada y cayó, poniendo fin al reino del norte",4,1,"personajes_biblicos,hechos_biblicos,preguntas,curacion_manual"
65,Eliás,,M,,Profeta,Ficha de Personaje: Profetas,,-940,-917,23,div,S2,Egipto,Torrente de Querit; Sarepta; Monte Carmelo; Jezreel; Jordán / Betel,Elías en el arroyo de Querit (c. 940-917 a. E. C.) [1 Reyes 17:1-7]; Elías y la viuda de Sarepta (c. 940-917 a. E. C.) [1 Reyes 17:8-24]; Monte Carmelo (c. 940-917 a. E. C.) [1 Reyes 18:1-46]; Viña de Nabot (c. 940-917 a. E. C.) [1 Reyes 21:1-29]; Elías asciende al cielo (c. 940-917 a. E. C.) [2 Reyes 2:1-18],Nabot (1); Jezabel (1); Acab (1); Eliseo (1),-940,-940,1 Reyes 18:39,Profeta celoso por la gloria de Jehová; restauró el culto verdadero en el Carmelo,1 Reyes 18:36-39; Santiago 5:17,,Valor; celo; oración ferviente; confianza en Jehová,1 Reyes 17; 1 Reyes 18; 1 Reyes 19,Huyó de Jezabel aterrado; llegó a desanimarse profundamente,1 Reyes 19:1-4,Incluso profetas fuertes necesitan ánimo de Jehová para seguir adelante,95,5,"personajes_biblicos,hechos_biblicos,preguntas,curacion_manual"
66,Eliseo,,M,,Profeta,Ficha de Personaje: Profetas,,-917,-850,67,div,S2,Egipto; Asiria,Jordán / Betel; Israel; Sunem; Río Jordán,Elías asciende al cielo (c. 940-917 a. E. C.) [2 Reyes 2:1-18]; Eliseo y la viuda (c. 940-917 a. E. C.) [2 Reyes 4:1-7]; Resurrección del hijo de la sunamita (c. 917-850 a. E. C.) [2 Reyes 4:8-37]; Naamán sanado (c. 917-850 a. E. C.) [2 Reyes 5:1-27],Eliás (1); Naamán (1),-940,-917,2 Reyes 2:9,Sucesor de Eliás; realizó numerosos milagros por el espíritu de Jehová,2 Reyes 2:9-15; 2 Reyes 13:21,,Humildad; servicio; celo profético; compasión,1 Reyes 19:19-21; 2 Reyes 4,Invocó osas contra unos jóvenes burlones,2 Reyes 2:23-24,Quien sirve fielmente a un profeta puede recibir espíritu y poder dobles,47,4,"personajes_biblicos,hechos_biblicos,preguntas,curacion_manual"
67,Jonás,,M,,Profeta,Ficha de Personaje: Profetas,,-844,-844,0,div,S2,Asiria,Nínive,"Jonás completa el libro de Jonás (c. 844 a. E. C.) [Jon. 1:1, 2]",,-844,-844,Jonás 3:10,Profeta enviado a Nínive; Jehová mostró paciencia con él y con los ninivitas,Jonás 1:1-2; Jonás 4:11,,Obediencia final; reconocimiento del poder de Jehová,Jonás 1; Jonás 3,Huyó de la asignación; resentimiento cuando Nínive se arrepintió,Jonás 1:3; Jonás 4:1-3,Jehová valora la vida de las personas y quiere que sus siervos también la valoren,58,1,"personajes_biblicos,hechos_biblicos,preguntas,curacion_manual"
68,Joel,,,,Profeta,Ficha de Personaje: Profetas,,-830,-820,10,div,S2,Asiria,Judá,Probable escritura del libro de Joel (c. 820 a. E. C.) [Joel 1:1],,-820,-820,,,,,,,,,,45,1,"personajes_biblicos,hechos_biblicos,preguntas"
69,Amós,,,,Profeta,Ficha de Personaje: Profetas,,-820,-810,10,div,S2,Asiria,Israel,Amós completa el libro de Amós (c. 804 a. E. C.) [Amós 1:1],,-804,-804,,,,,,,,,,44,1,"personajes_biblicos,hechos_biblicos,preguntas"
70,Oseas,,,,Profeta,Ficha de Personaje: Profetas,,-810,-745,65,div,S2,Asiria,Israel,Oseas completa el libro de Oseas (d. 745 a. E. C.) [Ose. 1:1],,-745,-745,,,,,,,,,,48,1,"personajes_biblicos,hechos_biblicos,preguntas"
71,Isaías,,M,,Profeta,Ficha de Personaje: Profetas,,-778,-732,46,div,S2,Asiria,Jerusalén,Isaías empieza a profetizar (c. 778 a. E. C.) [Isa. 1:1; 6:1]; Ezequías y Senaquerib (732 a. E. C.) [2 Reyes 18:13-19:37]; Isaías completa el libro de Isaías (d. 732 a. E. C.) [Isa. 1:1],Ezequías (1); Senaquerib (1),-778,-732,Isaías 6:8,Gran profeta del reino de Judá; anunció al Mesías y al Reino de Dios,Isaías 6:8; Isaías 53; Isaías 9:6-7,,Disposición; valentía; visión mesiánica,Isaías 6; Isaías 40-55,,,"Decir «Aquí estoy, envíame» abre la puerta a una obra profética duradera",58,3,"personajes_biblicos,hechos_biblicos,preguntas,curacion_manual"
72,Miqueas,,,,Profeta,Ficha de Personaje: Profetas,,-775,-717,58,div,S2,Asiria,Judá,Miqueas completa el libro de Miqueas (a. 717 a. E. C.) [Miq. 1:1],,-717,-717,,,,,,,,,,41,1,"personajes_biblicos,hechos_biblicos,preguntas"
73,Nahúm,,,,Profeta,Ficha de Personaje: Profetas,,-659,-640,19,div,S2,Asiria,Nínive,Nahúm completa el libro de Nahúm (a. 632 a. E. C.) [Nah. 1:1],,-632,-632,,,,,,,,,,31,1,"personajes_biblicos,hechos_biblicos,preguntas"
74,Sofonías,,,,Profeta,Ficha de Personaje: Profetas,,-648,-635,13,div,S2,Asiria,Judá,Sofonías completa el libro de Sofonías (a. 648 a. E. C.) [Sof. 1:1],,-648,-648,,,,,,,,,,43,1,"personajes_biblicos,hechos_biblicos,preguntas"
75,Jeremías,,M,,Profeta,Ficha de Personaje: Profetas,,-647,-600,47,exi,S2,Asiria; Babilonia,Jerusalén,"Jeremías comisionado como profeta (647 a. E. C.) [Jer. 1:1, 2; Jeremías 1:9, 10]; Jeremías escribe Lamentaciones (607 a. E. C.) [Introd. a Lam., LXX]; Se completan los libros de 1 y 2 Reyes y Jeremías (580 a. E. C.) [Jer. 52:31; 2 Rey. 25:27]",,-647,-580,Jeremías 1:5,Conocido y apartado antes de nacer; profeta de advertencia y esperanza,Jeremías 1:5; Jeremías 29:11,,Valentía; perseverancia; compasión por el pueblo,Jeremías 1; Jeremías 20:9; Jeremías 52,En momentos de angustia cuestionó y se quejó de su sufrimiento,Jeremías 15:10; Jeremías 20:14-18,"Decir la verdad de Jehová puede ser doloroso, pero es indispensable",92,3,"personajes_biblicos,hechos_biblicos,preguntas,curacion_manual"
76,Habacuc,,,,Profeta,Ficha de Personaje: Profetas,,-628,-618,10,div,S2,Asiria; Babilonia,Judá,Habacuc completa el libro de Habacuc (c. 628 a. E. C.) [Hab. 1:1],,-628,-628,,,,,,,,,,35,1,"personajes_biblicos,hechos_biblicos,preguntas"
77,Abdías,,,,Profeta,Ficha de Personaje: Profetas,,-618,-610,8,exi,S2,Babilonia,Edom,Abdías escribe el libro de Abdías (c. 607 a. E. C.) [Abd. 1],,-607,-607,,,,,,,,,,42,1,"personajes_biblicos,hechos_biblicos,preguntas"
78,Daniel,,M,Judá,Profeta,Ficha de Personaje: Reyes,,-617,-532,85,exi,S2,Babilonia; Medopersia,Babilonia,Nabucodonosor se lleva a los primeros cautivos judíos a Babilonia; se hace rey de Judá a Sedequías (617 a. E. C.) [Dan. 1:1-4; 2 Rey. 24:12-18]; Sueño de Nabucodonosor (c. 616-536 a. E. C.) [Daniel 2:1-49]; Daniel en el foso de los leones (c. 616-536 a. E. C.) [Daniel 6:1-28]; Daniel completa el libro de Daniel (c. 536 a. E. C.) [Dan. 10:1],Nabucodonosor (2); Sedequías (1); Darío (1),-617,-536,Daniel 6:10,Hombre muy amado; recibió visiones proféticas,Daniel 9:23; Daniel 10:11,,Lealtad; oración constante; valentía; pureza,Daniel 1; Daniel 6,,,La fidelidad diaria a Jehová sostiene al siervo bajo presión de un mundo hostil,107,4,"personajes_biblicos,hechos_biblicos,fichas_xlsx,preguntas,curacion_manual"
79,Ezequiel,,M,Sacerdote (familia levítica),Profeta,Ficha de Personaje: Profetas,,-617,-600,17,exi,S2,Babilonia,"Tel-abib, Babilonia",Ezequiel empieza a profetizar (613 a. E. C.) [Eze. 1:1-3]; Ezequiel completa el libro de Ezequiel (c. 591 a. E. C.) [Eze. 40:1; Ezequiel 29:17],,-613,-591,Ezequiel 2:7,Vigía espiritual para la casa de Israel en el exilio,Ezequiel 2:3-7; Ezequiel 33:7,,Valentía; obediencia; visión profética,Ezequiel 1-3; Ezequiel 37,,,El siervo de Jehová debe advertir con fidelidad aunque otros no escuchen,62,2,"personajes_biblicos,hechos_biblicos,preguntas,curacion_manual"
80,"Hananiás, Misael y Azariás",abednego; hananias; mesac; misael y azarias; sadrac,M,,Jóvenes fieles,,,-627,-535,92,exi,S2,Asiria; Babilonia; Medopersia,Llanura de Dura,Horno ardiente (c. 616-536 a. E. C.) [Daniel 3:1-30],Nabucodonosor (3),-616,-616,Daniel 3:17-18,Compañeros de Daniel que no adoraron la imagen de oro,Daniel 3:16-30,"Nuestro Dios a quien servimos puede librarnos. Pero, aunque no lo haga, no serviremos a tu dios.",Fe inquebrantable; valentía; unidad,Daniel 3,,,Obedecer a Jehová aunque cueste la vida,0,1,"personajes_biblicos,hechos_biblicos,curacion_manual"
81,Ester,,F,,Reina,Ficha de Personaje: Reyes,,-484,-450,34,res,S2,Medopersia,Susa,Mardoqueo completa el libro de Ester (c. 475 a. E. C.) [Est. 3:7; 9:32]; Conspiración de Hamán (c. 474 a. E. C.) [Ester 3:1-5:14]; Triunfo de Ester (c. 473 a. E. C.) [Ester 6:1-10:3],Mardoqueo (3); Hamán (1); Asuero (1),-475,-473,Ester 4:14,Usada para salvar a su pueblo en un momento crítico,Ester 4:14-16; Ester 8,,Valentía; sabiduría; humildad; amor al pueblo de Dios,Ester 2; Ester 4; Ester 7,,,Jehová puede colocarnos en una posición concreta para salvar a otros,76,3,"personajes_biblicos,hechos_biblicos,preguntas,curacion_manual"
82,Esdras,,M,Sacerdote (linaje de Aarón),Escriba,Ficha de Personaje: Sacerdotes,Sacerdote,-480,-420,60,res,S2,Medopersia,Jerusalén,Esdras y sacerdotes regresan a Jerusalén (468 a. E. C.) [Esd. 7:7]; Esdras completa los libros de 1 y 2 Crónicas y Esdras; compilación final de los Salmos (c. 460 a. E. C.) [Esd. 1:1; 2 Cró. 36:22]; Lectura pública de la Ley (455 a. E. C.) [Nehemías 8:1-10:39],Nehemías (1),-468,-455,Esdras 7:10,Escriba experto en la Ley que guió la reforma espiritual del pueblo,Esdras 7:6; Esdras 7:10,"Porque Esdras había preparado su corazón para consultar la ley de Jehová y hacerla, y para enseñar en Israel.",Estudio; celo; enseñanza; liderazgo espiritual,Esdras 7; Esdras 8; Nehemías 8,,,Conocer y enseñar la Palabra de Dios fortalece a todo un pueblo,58,3,"personajes_biblicos,hechos_biblicos,preguntas,curacion_manual"
83,Nehemías,,M,,Funcionario,Ficha de Personaje: Profetas,Gobernador,-470,-410,60,res,S2,Medopersia,Jerusalén,Nehemías reedifica los muros de Jerusalén; empieza a cumplirse la profecía de las 70 semanas (455 a. E. C.) [Neh. 1:1; 2:1; Ne 2:11; Ne 6:15; Dan. 9:24]; Lectura pública de la Ley (455 a. E. C.) [Nehemías 8:1-10:39]; Nehemías completa el libro de Nehemías (d. 443 a. E. C.) [Neh. 5:14],Esdras (1),-455,-443,Nehemías 2:20,Siervo fiel que reconstruyó los muros de Jerusalén con determinación y oración,Nehemías 2:20; Nehemías 6:15-16,,Oración constante; valentía; organización; celo por la pureza del pueblo,Nehemías 1; Nehemías 4; Nehemías 8,,,"La obra de Jehová avanza cuando hay oración, unidad y acción decidida",100,3,"personajes_biblicos,hechos_biblicos,preguntas,curacion_manual"
84,Juan el Bautista,juan bautista,M,Leví,Profeta,,,-2,32,34,ec,S3,Roma,"Colinas de Judea; Río Jordán; Desierto, Jordán; Betania más allá del Jordán; Judea; Enón; Tiberíades","Nace Juan el Bautizante (2 a. E. C.) [Luc. 1:57-80]; Bautismo y unción de Jesús (29 e. c.) [Mt 3:13-17; Mr 1:9-11; Lu 3:21-38; Jn 1:32-34]; Ministerio de Juan el Bautizante (29 e. c.) [Mt 3:1-12; Mr 1:1-8; Lu 3:1-18; Jn 1:6-28]; Testimonio de Juan acerca de Jesús (29 e. c.) [Jn 1:15, 29-34]; Discípulos bautizan; Juan habrá de menguar (30 e. c.) [Jn 3:22-36]; Juan apresado; Jesús parte para Galilea (30 e. c.) [Mt 4:12; Mr 1:14; Lu 4:14; Jn 4:1-3]",Jesús (4); Zacarías (1); Elisabet (1); Herodes (1),-2,30,Mateo 11:11,El mayor entre los nacidos de mujer; profeta enviado para preparar el camino,Mateo 11:9-11; Lucas 1:76,,Valentía; humildad; integridad; preparador del mesías,Juan 1:29-34; Juan 3:28-30,,,"El mayor servicio es señalar a Cristo, no a uno mismo",80,6,"personajes_biblicos,hechos_biblicos,preguntas,curacion_manual"
85,Jesús,cristo; jesucristo; jesus de nazaret,M,,Mesías,Ficha de Personaje: Sacerdotes,Rey del Reino de Dios,-2,33,35,ec,S3,Roma,"Jerusalén; Belén; Nazaret; Jerusalén; Río Jordán; Desierto de Judea; Galilea; Caná de Galilea; Capernaum; Sicar, Samaria; Cerca de Capernaum; Mar de Galilea; Gadara; Capernaum; NE mar de Galilea; Monte Hermón; Betania; Camino a Damasco; Valle del Alto Jordán; Nazaret; Tiberíades; Fenicia; Decápolis; Magadán; Betsaida; Cesarea de Filipo; Galilea; Samaria; Judea; Más allá del Jordán; Perea; Jerusalén; Efraín; Samaria; Galilea; Samaria o Galilea; Jericó; Jerusalén / casa de Caifás; Gólgota / tumba; Belén; Cerca de Belén; Belén; Jerusalén; Betania más allá del Jordán; Judea; Enón; Nazaret; Caná; Capernaum; Camino de Jerusalén; Galilea; mar de Galilea; Monte cerca de Capernaum; Naín","Nace Jesús en Belén (2 a. E. C.) [Mt 1:1-25; Lu 2:1-7; Jn 1:1-14]; Pastores visitan al bebé Jesús (2 a. E. C.) [Luc. 2:8-20]; Jesús circuncidado y presentado en el templo (2 a. E. C.) [Luc. 2:21-38]; Astrólogos, huida a Egipto y regreso (1 a. E. C.) [Mt 2:1-23; Lu 2:39, 40]; Jesús de 12 años en el templo (12 e. c.) [Luc. 2:41-52]; Bautismo y unción de Jesús (29 e. c.) [Mt 3:13-17; Mr 1:9-11; Lu 3:21-38; Jn 1:32-34]; Ayuno y tentación de Jesús (29 e. c.) [Mt 4:1-11; Mr 1:12, 13; Lu 4:1-13]; Primeros discípulos (29 E. C.) [Mateo 4:18-22; Marcos 1:16-20]; Primer milagro en Caná; visita Capernaum (29 e. c.) [Jn 2:1-12]; Primeros discípulos de Jesús (29 e. c.) [Jn 1:35-51]; Testimonio de Juan acerca de Jesús (29 e. c.) [Jn 1:15, 29-34]; Pascua: echa del templo a los mercaderes (30 e. c.) [Jn 2:13-25]; Conversación de Jesús con Nicodemo (30 e. c.) [Jn 3:1-21]; Jesús enseña a los samaritanos (30 e. c.) [Jn 4:4-43]; Discípulos bautizan; Juan habrá de menguar (30 e. c.) [Jn 3:22-36]; Juan apresado; Jesús parte para Galilea (30 e. c.) [Mt 4:12; Mr 1:14; Lu 4:14; Jn 4:1-3]; Anuncia: el reino de los cielos se ha acercado (30 e. c.) [Mt 4:17; Mr 1:14, 15; Lu 4:14, 15]; Sana a un muchacho; lee su comisión; se muda a Capernaum (30 e. c.) [Mt 4:13-16; Lu 4:16-31; Jn 4:46-54]; Llama a Simón, Andrés, Santiago y Juan (30 e. c.) [Mt 4:18-22; Mr 1:16-20; Lu 5:1-11]; Sana endemoniado, suegra de Pedro y muchos otros (30 e. c.) [Mt 8:14-17; Mr 1:21-34; Lu 4:31-41]; Primera gira de Galilea (30 e. c.) [Mt 4:23-25; Mr 1:35-39; Lu 4:42, 43]; Leproso sanado (30 e. c.) [Mt 8:1-4; Mr 1:40-45; Lu 5:12-16]; Sana a un paralítico (30 e. c.) [Mt 9:1-8; Mr 2:1-12; Lu 5:17-26]; Llama a Mateo; banquete con recaudadores (30 e. c.) [Mt 9:9-17; Mr 2:13-22; Lu 5:27-39]; Predica en sinagogas de Judea (30 e. c.) [Luc. 4:44]; El Sermón del Monte (31 e. c.) [Mt 5:1–7:29; Lu 6:17-49]; Calma tempestad al cruzar el lago (31 e. c.) [Mt 8:18, 23-27; Mr 4:35-41; Lu 8:22-25]; Sana a dos endemoniados; cerdos (31 e. c.) [Mt 8:28-34; Mr 5:1-20; Lu 8:26-39]; Resucita a hija de Jairo; sana a mujer con hemorragias (31 e. c.) [Mt 9:18-26; Mr 5:21-43; Lu 8:40-56]; Parábolas: sembrador, mala hierba y otras (31 e. c.) [Mt 13:1-53; Mr 4:1-34; Lu 8:4-18]; Sana a dos ciegos y a un endemoniado mudo (31 e. c.) [Mt 9:27-34]; Rechazado de nuevo en Nazaret (31 e. c.) [Mt 13:54-58; Mr 6:1-6]; Tercera gira de Galilea; envía a los apóstoles (31 e. c.) [Mt 9:35–11:1; Mr 6:6-13; Lu 9:1-6]; Juan el Bautizante decapitado (31 e. c.) [Mt 14:1-12; Mr 6:14-29; Lu 9:7-9]; Pascua: sana a un hombre; reprende a fariseos (31 e. c.) [Jn 5:1-47]; Discípulos arrancan espigas en sábado (31 e. c.) [Mt 12:1-8; Mr 2:23-28; Lu 6:1-5]; Sana mano en sábado; sana en la orilla del mar (31 e. c.) [Mt 12:9-21; Mr 3:1-12; Lu 6:6-11]; Los 12 escogidos como apóstoles (31 e. c.) [Mr 3:13-19; Lu 6:12-16]; Sana al siervo de un oficial (31 e. c.) [Mt 8:5-13; Lu 7:1-10]; Levanta al hijo de una viuda en Naín (31 e. c.) [Lu 7:11-17]; Juan en prisión envía discípulos a Jesús (31 e. c.) [Mt 11:2-19; Lu 7:18-35]; Ciudades reconvenidas; yugo suave (31 e. c.) [Mt 11:20-30]; Pecadora unge los pies de Jesús (31 e. c.) [Lu 7:36-50]; Segunda gira de Galilea con los 12 (31 e. c.) [Lu 8:1-3]; Sana endemoniado; acusado de Beelzebub (31 e. c.) [Mt 12:22-37; Mr 3:19-30]; Escribas y fariseos buscan una señal (31 e. c.) [Mt 12:38-45]; Parientes cercanos de Jesús (31 e. c.) [Mt 12:46-50; Mr 3:31-35; Lu 8:19-21]; Alimenta a 5.000 (32 e. c.) [Mt 14:13-21; Mr 6:30-44; Lu 9:10-17; Jn 6:1-13]; Camina sobre el mar; cura en Genesaret (32 e. c.) [Mt 14:22-36; Mr 6:45-56; Jn 6:14-21]; Transfiguración (32 e. c.) [Mt 17:1-13; Mr 9:2-13; Lu 9:28-36]; Levanta a Lázaro de entre los muertos (32 e. c.) [Jn 11:1-46]; Identifica el pan de la vida (32 e. c.) [Jn 6:22-71]; Tradiciones que invalidan la Palabra de Dios (32 e. c.) [Mt 15:1-20; Mr 7:1-23; Jn 7:1]; Fenicia, Decápolis; alimenta a 4.000 (32 e. c.) [Mt 15:21-38; Mr 7:24–8:9]; Saduceos y fariseos buscan una señal (32 e. c.) [Mt 15:39–16:4; Mr 8:10-12]; Levadura de fariseos; sana a un ciego (32 e. c.) [Mt 16:5-12; Mr 8:13-26]; Jesús el Mesías; predice muerte y resurrección (32 e. c.) [Mt 16:13-28; Mr 8:27–9:1; Lu 9:18-27]; Sana endemoniado que discípulos no pudieron sanar (32 e. c.) [Mt 17:14-20; Mr 9:14-29; Lu 9:37-43]; Predice otra vez muerte y resurrección (32 e. c.) [Mt 17:22, 23; Mr 9:30-32; Lu 9:43-45]; Moneda del pez para impuesto del templo (32 e. c.) [Mt 17:24-27]; Mayor en el Reino; parábolas de perdón (32 e. c.) [Mt 18:1-35; Mr 9:33-50; Lu 9:46-50]; Sale hacia fiesta de las Cabañas (32 e. c.) [Mt 8:19-22; Lu 9:51-62; Jn 7:2-10]; Enseñanza en la fiesta de las Cabañas (32 e. c.) [Jn 7:11-52]; Enseñanza después de la fiesta; sana a un ciego (32 e. c.) [Jn 8:12–9:41]; Envía a 70 a predicar (32 e. c.) [Lu 10:1-24]; Buen samaritano; Marta y María (32 e. c.) [Lu 10:25-42]; Oración modelo; persistencia en pedir (32 e. c.) [Lu 11:1-13]; Refuta acusación falsa (32 e. c.) [Lu 11:14-36]; Denuncia a los hipócritas (32 e. c.) [Lu 11:37-54]; Cuidado de Dios; mayordomo fiel (32 e. c.) [Lu 12:1-59]; Sana a mujer inválida en sábado (32 e. c.) [Lu 13:1-21]; Fiesta de la Dedicación; Pastor Excelente (32 e. c.) [Jn 10:1-39]; Muchos cifran su fe en Jesús (32 e. c.) [Jn 10:40-42]; Enseña avanzando hacia Jerusalén (32 e. c.) [Lu 13:22]; Oveja perdida, moneda, hijo pródigo (32 e. c.) [Lu 15:1-32]; Consejo contra Jesús; se retira (32 e. c.) [Jn 11:47-54]; Sana en Samaria y Galilea (32 e. c.) [Lu 17:11-37]; Viuda insistente; fariseo y recaudador (32 e. c.) [Lu 18:1-14]; Enseña sobre divorcio; bendice niños (32 e. c.) [Mt 19:1-15; Mr 10:1-16; Lu 18:15-17]; Joven rico; obreros en la viña (32 e. c.) [Mt 19:16–20:16; Mr 10:17-31; Lu 18:18-30]; Tercera predicción de muerte y resurrección (32 e. c.) [Mt 20:17-19; Mr 10:32-34; Lu 18:31-34]; Puestos en el Reino para Santiago y Juan (32 e. c.) [Mt 20:20-28; Mr 10:35-45]; Ciegos en Jericó; Zaqueo; diez minas (32 e. c.) [Mt 20:29-34; Mr 10:46-52; Lu 18:35–19:28]; Zaqueo en Jericó y parábola de las minas (32 E. C.) [Mateo 20:29-34; Marcos 10:46-52; Lucas 18:35–19:28]; Entrada al Reino; amenaza de Herodes (32 e. c.) [Lu 13:23-35]; Humildad; parábola de la cena magnífica (32 e. c.) [Lu 14:1-24]; Calcular el costo del discipulado (32 e. c.) [Lu 14:25-35]; Mayordomo injusto; hombre rico y Lázaro (32 e. c.) [Lu 16:1-31]; Perdón y fe (32 e. c.) [Lu 17:1-10]; Entrada triunfal en Jerusalén (33 e. c.) [Mt 21:1-11; Mr 11:1-11; Lu 19:29-44; Jn 12:12-19]; Come la Pascua con los 12 (33 e. c.) [Mt 26:20, 21; Mr 14:17, 18; Lu 22:14-18]; Jesús lava los pies de sus apóstoles (33 e. c.) [Jn 13:1-20]; Getsemaní: agonía, traición y arresto (33 e. c.) [Mt 26:30, 36-56; Mr 14:26, 32-52; Lu 22:39-53; Jn 18:1-12]; Ante Pilato, Herodes y otra vez Pilato (33 e. c.) [Mt 27:2, 11-14; Mr 15:1-5; Lu 23:1-12; Jn 18:28-38]; Muerte de Jesús en el madero (33 e. c.) [Mt 27:31-56; Mr 15:20-41; Lu 23:26-49; Jn 19:16-30]; Resurrección de Jesús (33 e. c.) [Mt 28:1-15; Mr 16:1-8; Lu 24:1-49; Jn 20:1-25]; Ascensión de Jesús (33 e. c.) [Hech. 1:9-12; Lu 24:50-53]; Llega a Betania seis días antes de la Pascua (33 e. c.) [Jn 11:55–12:1]; Banquete en casa de Simón; María unge a Jesús (33 e. c.) [Mt 26:6-13; Mr 14:3-9; Jn 12:2-11]; Jesús llega a Betania (33 E. C.) [Juan 11:55–12:1]; Cena en casa de Simón el leproso (33 E. C.) [Mateo 26:6-13; Marcos 14:3-9; Juan 12:2-11]; Discusión con griegos; incredulidad (33 e. c.) [Jn 12:20-50]; Denuncia contra escribas y fariseos (33 e. c.) [Mt 23:1-39; Mr 12:38-40; Lu 20:45-47]; Predicción de la caída de Jerusalén (33 e. c.) [Mt 24:1-51; Mr 13:1-37; Lu 21:5-38]; Líderes traman matar a Jesús (33 e. c.) [Mt 26:1-5; Mr 14:1, 2; Lu 22:1, 2]; Arreglos para la Pascua (33 e. c.) [Mt 26:17-19; Mr 14:12-16; Lu 22:7-13]; Interrogado por Anás y Caifás; Pedro niega (33 e. c.) [Mt 26:57–27:1; Mr 14:53–15:1; Lu 22:54-71; Jn 18:13-27]; Cuerpo enterrado (33 e. c.) [Mt 27:57-61; Mr 15:42-47; Lu 23:50-56; Jn 19:31-42]; Preparativos de la Pascua (33 E. C.) [Mateo 26:17-19; Marcos 14:12-16; Lucas 22:7-13]; Juicio ante el Sanedrín (33 E. C.) [Mateo 26:57-68; Marcos 14:53-65; Lucas 22:54-71; Juan 18:12-27]; Sepultura de Jesús (33 E. C.) [Mateo 27:57-61; Marcos 15:42-47; Lucas 23:50-56; Juan 19:38-42]; Maldice higuera sin fruto; limpia el templo (33 e. c.) [Mt 21:18, 19, 12, 13; Mr 11:12-17; Lu 19:45, 46]; Sacerdotes traman destruir a Jesús (33 e. c.) [Mr 11:18, 19; Lu 19:47, 48]; Hallada marchita la higuera (33 e. c.) [Mt 21:19-22; Mr 11:20-25]; Autoridad de Cristo en tela de juicio (33 e. c.) [Mt 21:23-32; Mr 11:27-33; Lu 20:1-8]; Cultivadores inicuos; banquete de bodas (33 e. c.) [Mt 21:33–22:14; Mr 12:1-12; Lu 20:9-19]; Preguntas sobre impuesto, resurrección, mandamiento (33 e. c.) [Mt 22:15-40; Mr 12:13-34; Lu 20:20-40]; Pregunta sobre descendencia del Mesías (33 e. c.) [Mt 22:41-46; Mr 12:35-37; Lu 20:41-44]; Monedas de poco valor de la viuda (33 e. c.) [Mr 12:41-44; Lu 21:1-4]; Diez vírgenes, talentos, ovejas y cabras (33 e. c.) [Mt 25:1-46]; Judas regatea para traicionar a Jesús (33 e. c.) [Mt 26:14-16; Mr 14:10, 11; Lu 22:3-6]; Identifica y despide a Judas (33 e. c.) [Mt 26:21-25; Mr 14:18-21; Lu 22:21-23; Jn 13:21-30]; Instituye cena conmemorativa (33 e. c.) [Mt 26:26-29; Mr 14:22-25; Lu 22:19, 20; 1 Cor. 11:23-25]; Predice negación de Pedro y dispersión (33 e. c.) [Mt 26:31-35; Mr 14:27-31; Lu 22:31-38; Jn 13:31-38]; Discurso de despedida y oración (33 e. c.) [Jn 14:1–17:26]; Judas el traidor se ahorca (33 e. c.) [Mt 27:3-10]; Entregado para morir (33 e. c.) [Mt 27:15-30; Mr 15:6-19; Lu 23:13-25; Jn 18:39–19:16]; Guardia para la tumba (33 e. c.) [Mt 27:62-66]; Otros aparecimientos de Jesucristo (d. 33 e. c.) [Mt 28:16-20; 1 Cor. 15:5-7; Hech. 1:3-8; Jn 20:26–21:25]; Conversión de Saulo (c. 34 E. C.) [Hechos 9:1-19]",María (7); José (4); Juan el Bautista (4); Pedro (4); Andrés (2); Juan el apóstol (2),-2,34,Juan 8:29,Hijo amado; siempre hace lo que complace al Padre,Mateo 3:17; Juan 8:29,"El que me envió está conmigo. Él no me ha dejado solo, porque yo siempre hago las cosas que le complacen.",Amor; obediencia perfecta; compasión; justicia; humildad,Juan 13:15; Hebreos 4:15,,,Imitar a Cristo es la meta de todo discípulo,1972,130,"personajes_biblicos,hechos_biblicos,preguntas,curacion_manual"
86,Pedro,simon; simon pedro,M,,Apóstol,Ficha de Personaje: Apóstol,,-1,64,65,ec,S3,Roma,Galilea; Jerusalén; Cesarea; Babilonia; Babilonia (?); Valle del Alto Jordán; Betania,"Primeros discípulos (29 E. C.) [Mateo 4:18-22; Marcos 1:16-20]; Primeros discípulos de Jesús (29 e. c.) [Jn 1:35-51]; 6 de Siván, Pentecostés: derramamiento de espíritu; Pedro abre a los judíos el camino a la congregación cristiana (33 e. c.) [Hech. 2:1-17; Hechos  2:38]; Curación del cojo (33 E. C.) [Hechos 3:1-26]; Ananías y Safira (33 E. C.) [Hechos 5:1-11]; Cena en casa de Simón el leproso (33 E. C.) [Mateo 26:6-13; Marcos 14:3-9; Juan 12:2-11]; Preparativos de la Pascua (33 E. C.) [Mateo 26:17-19; Marcos 14:12-16; Lucas 22:7-13]; Fin de las 70 semanas de años; Pedro visita a Cornelio, el primero de la gente incircuncisa de las naciones que entra en la congregación cristiana (36 e. c.) [Dan. 9:24-27; Hech. 10:1, 45]; Liberación de Pedro (c. 44 E. C.) [Hechos 12:1-19]; Concilio de Jerusalén (c. 49 E. C.) [Hechos 15:1-35]; Pedro escribe 1 Pedro desde Babilonia (c. 63 e. c.) [1 Ped. 1:1; 1 Pedro  5:13]; Pedro escribe 2 Pedro desde Babilonia (?) (c. 64 e. c.) [2 Ped. 1:1]",Jesús (4); Juan el apóstol (3); Andrés (2); Santiago (2); apóstoles (1); Ananías (1),29,64,Mateo 16:16,Fundamento de la congregación; recibió llaves del Reino,Mateo 16:18-19,,Leal; valiente; amoroso; restaurado tras fallar,Juan 21:15-17; Hechos 2,Negó a Jesús tres veces; en Antioquía mostró parcialidad,Mateo 26:69-75; Gálatas 2:11-14,El arrepentimiento sincero permite recuperar una responsabilidad de servicio,386,12,"personajes_biblicos,hechos_biblicos,preguntas,curacion_manual"
87,Pablo,pablo de tarso; saulo,M,Benjamín,Apóstol,Ficha de Personaje: Apóstol,Misionero,1,65,64,ec,S3,Roma,Jerusalén; Camino a Damasco; Antioquía → Galacia; Galacia → Grecia; Atenas; Éfeso → Grecia; Éfeso; Cesarea; Mar Mediterráneo; Roma; Corinto; Macedonia; Corinto o Antioquía de Siria (?); Macedonia (?),"Muerte de Esteban (34 E. C.) [Hechos 6:1-7:60]; Conversión de Saulo (c. 34 E. C.) [Hechos 9:1-19]; Pablo empieza su primera gira misional (c. 47 e. c.) [Hech. 13:1–14:28]; Concilio de Jerusalén (c. 49 E. C.) [Hechos 15:1-35]; Segunda gira misional de Pablo (c. 49 e. c.) [Hech. 15:36–18:22]; Cuerpo gobernante decide contra exigir la circuncisión de los creyentes de las naciones (c. 49 e. c.) [Hech. 15:28; Hechos  15:29]; Pablo en Atenas (c. 50 E. C.) [Hechos 17:16-34]; Pablo escribe 1 Tesalonicenses desde Corinto (c. 50 e. c.) [1 Tes. 1:1]; Pablo escribe 2 Tesalonicenses desde Corinto (c. 51 e. c.) [2 Tes. 1:1]; Pablo escribe su carta a los gálatas desde Corinto o Antioquía de Siria (c. 51 e. c.) [Gál. 1:1]; Tercera gira misional de Pablo (c. 52 e. c.) [Hech. 18:23–21:19]; Revuelta en Éfeso (c. 55 E. C.) [Hechos 19:23-41]; Pablo escribe 1 Corintios desde Éfeso, y 2 Corintios desde Macedonia (c. 55 e. c.) [1 Cor. 15:32; 2 Cor. 2:12, 13]; Segunda carta a los Corintios (c. 55 e.c.) [2 Corintios 1:1]; Pablo arrestado en Jerusalén (c. 56 E. C.) [Hechos 21:27-23:35]; Pablo ante Félix y Festo (c. 56-58 E. C.) [Hechos 24:1-26:32]; Pablo escribe la carta a los romanos desde Corinto (c. 56 e. c.) [Rom. 16:1]; Naufragio de Pablo (c. 59 E. C.) [Hechos 27:1-44]; Pablo en Roma (c. 59-61 E. C.) [Hechos 28:16-31]; Carta a los Colosenses (c. 60 e.c.) [Colosenses 1:2]; Desde Roma Pablo escribe: Efesios, Filipenses, Colosenses y Filemón (c. 60 e. c.) [Efe. 3:1; Fili. 4:22; Col. 4:18; Filem. 1]; Carta a Filemón (c. 60 e.c.) [Filemón 1:1]; Carta a los Filipenses (c. 60 e.c.) [Filipenses 1:1]; Pablo escribe la carta a los hebreos desde Roma (c. 61 e. c.) [Heb. 13:24; Heb. 10:34]; Carta a los Hebreos (c. 61 e.c.) [Hebreos 1:1]; Pablo escribe 1 Timoteo desde Macedonia (c. 62 e. c.) [1 Tim. 1:3]; Pablo escribe Tito desde Macedonia (?) (c. 62 e. c.) [Tito 1:5]; Pablo escribe 2 Timoteo desde Roma (c. 65 e. c.) [2 Tim. 4:16-18]",Esteban (1); Jesús (1); Pedro (1); Santiago (1); Demetrio (1); Félix (1),34,65,Hechos 9:15,Escogido como instrumento para llevar el nombre de Jesús a naciones y reyes,Hechos 9:15,,Celoso ministerio; valentía; humildad; perseverancia,Hechos 20:24; 2 Corintios 11:23-28,Antes perseguía a los discípulos con celo mal dirigido,Hechos 8:3; Gálatas 1:13,Nadie está fuera del alcance de la misericordia de Jehová si responde con cambio genuino,1302,28,"personajes_biblicos,hechos_biblicos,preguntas,curacion_manual"
88,Esteban,,M,,Diácono,,Mártir,1,33,32,ec,S3,Roma,Jerusalén,Muerte de Esteban (34 E. C.) [Hechos 6:1-7:60],Pablo (1),34,34,Hechos 7:59,Hombre lleno de espíritu y fe; primer mártir cristiano registrado,Hechos 6:8; Hechos 7:55-60,"Señor, no les tomes en cuenta este pecado.",Fe; sabiduría; valor; espíritu de perdón,Hechos 6:8-10; Hechos 7:54-60,,,La fidelidad hasta la muerte deja un testimonio que fortalece a otros,97,1,"personajes_biblicos,hechos_biblicos,preguntas,curacion_manual"
89,Marcos,juan marcos,M,,Evangelista,,,5,65,60,ec,S3,Roma,Roma,Evangelio según Marcos (c. 60 e.c.) [Marcos 1:1]; Marcos escribe el Evangelio llamado 'Marcos' (c. 62 e. c.),,60,62,2 Timoteo 4:11,Compañero útil en el ministerio; autor del Evangelio de Marcos,Hechos 12:25; 2 Timoteo 4:11,,Servicio; recuperación tras un tropiezo; lealtad restaurada,Hechos 13; Hechos 15:37-39; Colosenses 4:10,Abandonó a Pablo y Bernabé en Pamfilia en un viaje misionero,Hechos 13:13; Hechos 15:38,Un tropiezo en el servicio no tiene que ser el final si hay arrepentimiento,113,2,"personajes_biblicos,hechos_biblicos,preguntas,curacion_manual"
90,Felipe el evangelizador,felipe,M,,Evangelizador,,,1,60,59,ec,S3,Roma,Camino de Gaza; Valle del Alto Jordán,Primeros discípulos de Jesús (29 e. c.) [Jn 1:35-51]; Felipe y el etíope (c. 36 E. C.) [Hechos 8:26-40],Jesús (1); Andrés (1); Pedro (1); Natanael (1),29,36,Hechos 8:5,Primer evangelizador en llevar las buenas noticias fuera de Jerusalén con celo,Hechos 8:5-8; Hechos 8:26-40,,Obediencia; celo evangelizador; sensibilidad al espíritu,Hechos 8; Hechos 21:8,,,Jehová guía a quienes están dispuestos a predicar dondequiera que se les envíe,81,2,"personajes_biblicos,hechos_biblicos,preguntas,curacion_manual"
91,Timoteo,,M,Efraín (de madre),Misionero,,Superintendente,30,97,67,ec,S3,Roma,,,,,,1 Timoteo 4:12,Joven siervo bien reportado; colaborador muy apreciado de Pablo,Hechos 16:1-2; Filipenses 2:19-22,,Humildad; fidelidad; celo; ternura pastoral,1 Timoteo 4; 2 Timoteo 1,Tendía a ser tímido y necesitaba ánimo para ejercer su autoridad,1 Timoteo 4:12; 2 Timoteo 1:6-7,La edad no limita el servicio cuando hay ejemplo y madurez espiritual,84,0,"personajes_biblicos,preguntas,curacion_manual"
92,Juan el apóstol,juan,M,,Apóstol,Ficha de Personaje: Apóstol,,1,100,99,ec,S3,Roma,"Galilea; Jerusalén; Patmos; Éfeso, o cerca (?)","Primeros discípulos (29 E. C.) [Mateo 4:18-22; Marcos 1:16-20]; Curación del cojo (33 E. C.) [Hechos 3:1-26]; Preparativos de la Pascua (33 E. C.) [Mateo 26:17-19; Marcos 14:12-16; Lucas 22:7-13]; Visión de Juan en Patmos (c. 96 E. C.) [Apocalipsis 1:1-22:21]; Juan, en Patmos, escribe Revelación (c. 96 e. c.) [Rev. 1:9]; Primera carta de Juan (c. 98 e.c.) [1 Juan 1:1]; Segunda carta de Juan (c. 98 e.c.) [2 Juan 1:1]; Tercera carta de Juan (c. 98 e.c.) [3 Juan 1:1]; Evangelio según Juan (c. 98 e.c.) [Juan 20:31]; Juan escribe el Evangelio llamado 'Juan' y sus cartas 1, 2 y 3 Juan; se completa la escritura de la Biblia (c. 98 e. c.) [Juan 21:22, 23]; Muere Juan, el último de los apóstoles (c. 100 e. c.) [2 Tes. 2:7]",Pedro (3); Jesús (2); Andrés (1); Santiago (1),29,100,Juan 13:23,"Discípulo amado, testigo cercano de Cristo",Juan 21:20-24,,Amor profundo; lealtad; celo inicial madurado,Juan 19:26-27; 1 Juan 4:7-8,De joven mostró espíritu destructivo y ambición por prominencia,Lucas 9:54; Marcos 10:37,El amor cristiano maduro transforma el celo en servicio edificante,298,11,"personajes_biblicos,hechos_biblicos,preguntas,curacion_manual"
93,Nabucodonosor,,M,,Rey,Ficha de Personaje: Reyes,,,,,exi,S2,Asiria; Babilonia,Jerusalén; Babilonia; Llanura de Dura,"POTENCIA MUNDIAL: Babilonia (c. 625 a. E. C.) [Contexto histórico (JW: línea de tiempo sección 2)]; Nabucodonosor (II) sube al trono de Babilonia (625 a. E. C.) [Jer. 25:1]; Nabucodonosor hace rey tributario a Jehoiaquim (620 a. E. C.) [2 Rey. 24:1]; Nabucodonosor se lleva a los primeros cautivos judíos a Babilonia; se hace rey de Judá a Sedequías (617 a. E. C.) [Dan. 1:1-4; 2 Rey. 24:12-18]; Sueño de Nabucodonosor (c. 616-536 a. E. C.) [Daniel 2:1-49]; Horno ardiente (c. 616-536 a. E. C.) [Daniel 3:1-30]; Locura de Nabucodonosor (c. 616-536 a. E. C.) [Daniel 4:1-37]; Nabucodonosor viene contra Judá por tercera vez; empieza el sitio de Jerusalén (609 a. E. C.) [2 Rey. 25:1; 2 Reyes  25:2]; Quinto mes (Ab), el templo es arrasado y Jerusalén destruida (607 a. E. C.) [2 Rey. 25:8-10; Jer. 52:12-14]","Hananiás, Misael y Azariás (3); Daniel (2); Sedequías (1); Jehoiaquim (1)",-625,-607,Daniel 4:34-35,Rey orgulloso humillado; reconoció finalmente la soberanía de Jehová,Daniel 4:34-37,,Reconocimiento final de la soberanía de Dios,Daniel 4,Arrogancia extrema; exigió adoración como si fuera un dios,Daniel 3; Daniel 4:30,Nadie puede oponerse permanentemente al propósito de Jehová,76,9,"hechos_biblicos,fichas_xlsx,preguntas,curacion_manual"
94,Darío,,M,,Rey,,Emperador medo-persa,,,,exi,S2,Babilonia,Babilonia,Daniel en el foso de los leones (c. 616-536 a. E. C.) [Daniel 6:1-28],Daniel (1),-616,-616,Daniel 6:16,Rey que reconoció el Dios viviente tras el milagro con Daniel,Daniel 6:25-27,,Reconoció el poder de Jehová; respeto a Daniel,Daniel 6,Firmó un decreto imprudente por orgullo,Daniel 6:6-9,Las leyes humanas no pueden anular la protección de Jehová,10,1,"hechos_biblicos,fichas_xlsx,preguntas,curacion_manual"
95,Ciro,,M,,Rey,,Emperador persa,,,,res,S2,Babilonia; Medopersia,Babilonia → Jerusalén; Persia,"Babilonia cae ante los medos y los persas; Medopersia llega a ser la cuarta potencia mundial (539 a. E. C.) [Dan. 5:30, 31]; Entra en vigor el decreto de Ciro el Persa que permite que los judíos regresen a Jerusalén; termina la desolación de 70 años (537 a. E. C.) [2 Cró. 36:22; 2 Crónicas  36:23; Jer. 25:12; Jeremías 29:10]",Belsasar (1),-539,-537,Isaías 45:1,Ungido de Jehová para liberar a los judíos del exilio,Isaías 45:1-4; 2 Crónicas 36:22-23,,Cumplió el decreto de retorno; respeto al mandato divino,Esdras 1:1-4,,,Jehová puede usar gobernantes extranjeros para cumplir sus profecías,13,2,"hechos_biblicos,fichas_xlsx,preguntas,curacion_manual"
96,Herodes el Grande,,M,,Rey,,,,,,ec,S3,,,,,,,Mateo 2:16,Rey que masacró niños intentando matar al Mesías,Mateo 2:16-18,,Ninguna fiel destacada en las Escrituras,,Crueldad extrema; paranoia; violencia,Mateo 2,La violencia contra los siervos de Dios no detiene su propósito,5,0,"fichas_xlsx,preguntas,curacion_manual"
97,Absalón,,M,Judá,Príncipe,,,,,,mon,S2,Egipto,Jerusalén / Mahanaim,Rebelión de Absalón (c. 1035 a. E. C.) [2 Samuel 15:1-19:8],David (1); Joab (1),-1035,-1035,2 Samuel 15:6,Hijo de David que usurpó el trono y murió en rebelión,2 Samuel 15-18,,Carisma superficial; belleza física,2 Samuel 14:25,Ambición; venganza; rebelión; adulterio,2 Samuel 13; 2 Samuel 15,La ambición sin integridad destruye familias y naciones,4,1,"hechos_biblicos,fichas_xlsx,preguntas,curacion_manual"
98,Amnón,,M,Judá,Príncipe,,,,,,ec,S3,,,,,,,2 Samuel 13:14,Hijo de David que cometió grave violencia y fue castigado,2 Samuel 13:1-29,,Ninguna fiel destacada en las Escrituras,,Lujuria; violencia; falta de arrepentimiento,2 Samuel 13,El pecado no corregido genera más dolor en la familia,2,0,"fichas_xlsx,preguntas,curacion_manual"
99,Belsasar,,M,,Rey de Babilonia,,,,,,exi,S2,Babilonia; Medopersia,Babilonia; Persia,"Festín de Belsasar (c. 616-536 a. E. C.) [Daniel 5:1-31]; Babilonia cae ante los medos y los persas; Medopersia llega a ser la cuarta potencia mundial (539 a. E. C.) [Dan. 5:30, 31]",Ciro (1),-616,-539,Daniel 5:30,Rey que profanó los utensilios del templo y fue juzgado esa noche,Daniel 5:1-30,,Ninguna fiel destacada en las Escrituras,,Profanación; orgullo; banquete sacrílego,Daniel 5,Despreciar lo sagrado de Jehová trae juicio repentino,16,2,"hechos_biblicos,fichas_xlsx,preguntas,curacion_manual"
100,Eleazar,,M,Leví,Sumo sacerdote,,,,,,ec,S3,,,,,,,Números 20:28,Sucesor de Aarón como sumo sacerdote,Números 20:25-28,,Servicio sacerdotal fiel,Números 20,,,Jehová designa sucesores para continuar el servicio sagrado,0,0,"fichas_xlsx,curacion_manual"
101,Elí,,M,Leví,Sumo sacerdote,,Juez,,,,mon,S2,Egipto,Silo,Nacimiento de Samuel (c. 1117 a. E. C.) [1 Samuel 1:1-2:11]; Llamado de Samuel (c. 1117 a. E. C.) [1 Samuel 3:1-21],Samuel (2); Ana (1); Elcaná (1),-1117,-1117,1 Samuel 3:13,Juzgó a Israel pero no corrigió debidamente a sus hijos corruptos,1 Samuel 2:22-25; 1 Samuel 3:11-14,,Enseñó a Samuel; acogió a Ana en oración,1 Samuel 1; 1 Samuel 3,Permitió la corrupción de sus hijos Hofni y Finees,1 Samuel 2:12-17; 1 Samuel 3:13,Los padres en el servicio de Dios deben corregir a sus hijos con firmeza,16,2,"hechos_biblicos,fichas_xlsx,preguntas,curacion_manual"
102,Caifás,,M,,Sumo sacerdote,,,,,,ec,S3,Roma,Jerusalén / casa de Caifás,Juicio ante el Sanedrín (33 E. C.) [Mateo 26:57-68; Marcos 14:53-65; Lucas 22:54-71; Juan 18:12-27],Jesús (1),33,33,Juan 11:49-50,Sumo sacerdote que conspiró para condenar a Jesús,Mateo 26:57-68; Juan 11:49-53,,Ninguna fiel destacada en las Escrituras,,Hipocresía; conspiración; uso del cargo para fines políticos,Mateo 26:57-68,El liderazgo religioso corrompido puede convertirse en enemigo del Mesías,27,1,"hechos_biblicos,fichas_xlsx,preguntas,curacion_manual"
103,Anás,,M,,Sumo sacerdote,,,,,,ec,S3,,,,,,,Juan 18:13,Sumo sacerdote que participó en el juicio contra Jesús,Juan 18:13; Lucas 3:2,,Ninguna fiel destacada en las Escrituras,,Corrupción sacerdotal; conspiración contra el Mesías,Juan 18,El cargo religioso no garantiza integridad ante Dios,6,0,"fichas_xlsx,preguntas,curacion_manual"
104,Zacarías,,M,Leví,Profeta,Ficha de Personaje: Profetas,Sacerdote,,,,ec,S3,Asiria; Babilonia; Medopersia; Grecia; Roma,"Colinas de Judea; Jerusalén; Samaria; Jerusalén, templo",Zacarías reina (por 6 meses) sobre Israel (c. 792 a. E. C.) [2 Rey. 15:8]; Profecía de Zacarías (c. 520-518 a. E. C.) [ZACARÍAS 1-14]; Zacarías completa el libro de Zacarías (518 a. E. C.) [Zac. 1:1]; Nacimiento de Juan predicho a Zacarías (3 a. E. C.) [Luc. 1:5-25]; Nace Juan el Bautizante (2 a. E. C.) [Luc. 1:57-80],Juan el Bautista (1); Elisabet (1); Gabriel (1),-792,-2,Lucas 1:6,Justo delante de Dios; padre de Juan el Bautista,Lucas 1:5-6; Lucas 1:13-17,,Justicia; servicio sacerdotal; obediencia final,Lucas 1; Lucas 1:67-79,Dudó inicialmente del anuncio del ángel y quedó mudo por un tiempo,Lucas 1:18-20,Jehová puede usar incluso a quienes dudan si finalmente confían en su palabra,99,5,"hechos_biblicos,fichas_xlsx,preguntas,curacion_manual"
105,Finehás,,M,Leví,Sacerdote,,,,,,ec,S3,,,,,,,Números 25:11,Mostró celo ardiente y recibió pacto de paz sacerdotal,Números 25:11-13,,Celo por la pureza del pueblo,Números 25,,,El celo por la puread de la adoración es valorado por Jehová,0,0,"fichas_xlsx,curacion_manual"
106,Abiatar,,M,Leví,Sumo sacerdote,,,,,,ec,S3,,,,,,,1 Samuel 22:20,Sacerdote leal a David; único sobreviviente de la masacre de Nob,1 Samuel 22:20-23,,Lealtad a David en la persecución,1 Samuel 22-23,Apoyó a Adonías contra Salomón,1 Reyes 1:7-25,La lealtad inicial debe sostenerse hasta el final del servicio,0,0,"fichas_xlsx,curacion_manual"
107,Sadoc,,M,Leví,Sumo sacerdote,Ficha de Personaje: Reyes,,,,,mon,S2,Egipto,Jerusalén,Salomón rey (1037 a. E. C.) [1 Reyes 1:1-2:46],Salomón (1); David (1); Natán (1),-1037,-1037,1 Reyes 1:39,Sacerdote leal que ungió a Salomón como rey,1 Reyes 1:32-39,,Lealtad a David y a la voluntad de Jehová,1 Reyes 1,,,Apoyar al sucesor designado por Jehová evita divisiones,1,1,"hechos_biblicos,fichas_xlsx,preguntas,curacion_manual"
108,Coré,,M,Leví,Levita,,,,,,ec,S3,,,,,,,Números 16:11,Lideró una rebelión contra Moisés y Aarón,Números 16:1-35,,Ninguna fiel destacada en las Escrituras,,Ambición; rebelión contra el orden de Jehová,Números 16,Rebelarse contra el arreglo de Jehová trae destrucción,1,0,"fichas_xlsx,preguntas,curacion_manual"
109,Asaf,,M,Leví,Músico,,Profeta,,,,ec,S3,,,,,,,Salmo 73:1,Líder de los cantores del templo; autor de salmos,1 Crónicas 16:4-7; Salmo 50,,Adoración; enseñanza poética,Salmos de Asaf,,,La música puede enseñar profundas verdades teológicas,0,0,"fichas_xlsx,curacion_manual"
110,Jedutún,,M,Leví,Músico,,,,,,ec,S3,,,,,,,1 Crónicas 16:41,Cantor designado para la adoración en el tabernáculo,1 Crónicas 16:41-42,,Servicio musical dedicado,1 Crónicas 16,,,La adoración musical honra a Jehová cuando es sincera,0,0,"fichas_xlsx,curacion_manual"
111,Juan Marcos,,M,,Evangelista,,,,,,ec,S3,,,,,,,2 Timoteo 4:11,"Alias de Marcos, compañero de Pablo y Bernabé (ver ficha Marcos)",Hechos 12:25; Hechos 15:37,,Ver ficha curada de Marcos,Hechos 12,Ver ficha curada de Marcos,Hechos 13:13,Ver ficha curada de Marcos,0,0,"fichas_xlsx,curacion_manual"
112,Eva,,F,,Patriarca,Ficha de Personaje: Profetas,,,,,pre,S1,Sin potencia (anterior a Egipto),Edén,"Se hace el pacto edénico, primera profecía (d. 4026 a. E. C.) [Gén. 3:15]",Adán (1),-4026,-4026,Génesis 3:20,Primera mujer; madre de todos los vivientes,Génesis 2:22; Génesis 3:20,,Compañera de Adán; buscó conocimiento,Génesis 2:18-25,Desobedeció y persuadió a Adán; no consultó primero a Jehová,Génesis 3:1-6,Las decisiones apresuradas sin consultar a Jehová pueden dañar a otros,8,1,"hechos_biblicos,preguntas,curacion_manual"
113,Caín,,M,,Labrador del suelo,,,,,,pre,S1,Sin potencia (anterior a Egipto),Al este del Edén,Caín mata a Abel (a. 3896 a. E. C.) [Gén. 4:8],Abel (1),-3896,-3896,Génesis 4:7,Primer homicida; rechazó la advertencia de Jehová,Génesis 4:3-12; 1 Juan 3:12,,Ninguna fiel destacada en las Escrituras,,Celos; ira; violencia; falta de arrepentimiento,Génesis 4:5-8,Dejar que el pecado domine el corazón conduce a actos destructivos,12,1,"hechos_biblicos,preguntas,curacion_manual"
114,Abel,,M,,Pastor de ovejas,,,,,,pre,S1,Sin potencia (anterior a Egipto),Al este del Edén,Caín mata a Abel (a. 3896 a. E. C.) [Gén. 4:8],Caín (1),-3896,-3896,Hebreos 11:4,Justo cuya ofrenda fue aceptada; muerto por celos fraternales,Génesis 4:4-8; Hebreos 11:4,,Fe; adoración sincera; justicia,Génesis 4:4; Hebreos 11:4,,,"Jehová mira la sinceridad del corazón, no solo la forma externa del culto",6,1,"hechos_biblicos,preguntas,curacion_manual"
115,Jafet,,,,,,,,,,pre,S1,Sin potencia (anterior a Egipto),Ararat (montañas); Antediluviano,"Noé comienza a engendrar hijos (2470 a. E. C.) [Génesis 5:32]; Construcción del arca y predicación de Noé (2470-2370 a. E. C.) [Génesis 6:13-22; 2 Pedro 2:5; Hebreos 11:7]; Nace Jafet (2470 a. E. C.) [Gén. 5:32; Gé 9:24; Gé 10:21]; Caen las aguas del Diluvio (en el otoño) (2370 a. E. C.) [Gén. 7:6, 11]",Noé (4); Sem (3); Cam (2); Matusalén (1); Lamec (1),-2470,-2370,,,,,,,,,,1,4,"hechos_biblicos,preguntas"
116,Nemrod,,,,,,,,,,pat,S1,Sin potencia (anterior a Egipto),Babel,Se construye la Torre de Babel (d. 2269 a. E. C.) [Gén. 11:4],,-2269,-2269,,,,,,,,,,2,1,"hechos_biblicos,preguntas"
117,Lot,,M,,Patriarca,,,,,,pat,S1,Sin potencia (anterior a Egipto),Cerca de Damasco; Sodoma y Gomorra,Lot rescatado; Abrahán visita a Melquisedec (a. 1933 a. E. C.) [Gén. 14:16; Gé 14:18; Gé 16:3]; Juicio de Sodoma y Gomorra (1919 a. E. C.) [Gén. 19:24],Abrahán (2); Melquisedec (1),-1933,-1919,2 Pedro 2:7-8,Hombre justo atormentado por la conducta licenciosa de Sodoma,2 Pedro 2:7-8,,Hospitalidad; justicia relativa en medio de maldad,Génesis 19:1-3,Escogió la llanura codiciosa; vaciló al salir; sus hijas cometieron grave error,Génesis 13:10-13; Génesis 19:16; Génesis 19:30-38,Asociarse con ambientes corruptos debilita espiritualmente aunque uno sea justo,16,2,"hechos_biblicos,preguntas,curacion_manual"
118,Melquisedec,,M,,Rey,,Sacerdote,,,,pat,S1,Sin potencia (anterior a Egipto),Cerca de Damasco,Lot rescatado; Abrahán visita a Melquisedec (a. 1933 a. E. C.) [Gén. 14:16; Gé 14:18; Gé 16:3],Abrahán (1); Lot (1),-1933,-1933,Génesis 14:18-20,Rey y sacerdote de Salem que bendijo a Abrahán,Génesis 14:18-20; Hebreos 7:1-3,,Justicia; paz; servicio sacerdotal,Génesis 14; Salmo 110:4,,,"El sacerdocio de Cristo supera el levítico, como prefiguró Melquisedec",6,1,"hechos_biblicos,preguntas,curacion_manual"
119,Éber,,,,,,,,,,pat,S1,Sin potencia (anterior a Egipto),Monte Moria,Sacrificio de Isaac en Moria (c. 1893 a. E. C.) [Génesis 22:1-18],Abrahán (1); Isaac (1); Sara (1); Sem (1),-1893,-1893,,,,,,,,,,0,1,hechos_biblicos
120,Esaú,,M,,Patriarca,,Cazador,,,,pat,S1,Sin potencia (anterior a Egipto),Canaán,Nacen Esaú y Jacob (1858 a. E. C.) [Gén. 25:26]; Jacob obtiene la bendición (c. 1831 a. E. C.) [Génesis 27:1-45]; Esaú se casa con sus primeras dos esposas (1818 a. E. C.) [Gén. 26:34],Jacob (2); Isaac (1); Rebeca (1),-1858,-1818,Hebreos 12:16,Despreció su primogenitura por un plato de comida,Génesis 25:29-34; Hebreos 12:16,,Perdonó a Jacob al reunirse; algunos rasgos generosos tardíos,Génesis 33:4-16,Impulsivo; despreció las bendiciones espirituales; matrimonios cananeos,Génesis 25:34; Génesis 26:34-35,Menospreciar lo espiritual por gratificaciones inmediatas trae arrepentimiento amargo,13,3,"hechos_biblicos,preguntas,curacion_manual"
121,Faraón,,M,,Rey de Egipto,Ficha de Personaje: Funcionarios,,,,,egi,S1,Egipto,Egipto,José hecho primer ministro de Egipto (1737 a. E. C.) [Gén. 41:40; Gé 41:46]; Las diez plagas (1513 a. E. C.) [Éxodo 7:1-12:36],José (1); Moisés (1); Aarón (1),-1737,-1513,Éxodo 9:16,Rey obstinado usado para demostrar el poder de Jehová ante Egipto y el mundo,Éxodo 9:16; Romanos 9:17,,Ninguna fiel destacada en las Escrituras,,Orgullo; endurecimiento del corazón; opresión de Israel,Éxodo 5-14,Oponerse al propósito de Jehová conduce a la derrota humillante,12,2,"hechos_biblicos,preguntas,curacion_manual"
122,Bezaleel,,M,Judá,Artesano,,,,,,egi,S1,Egipto,Monte Sinaí,Se completa la construcción del tabernáculo (1512 a. E. C.) [Éxo. 40:17],Moisés (1),-1512,-1512,Éxodo 31:3,Lleno del espíritu de Dios para construir el tabernáculo,Éxodo 31:1-6; Éxodo 36:1-2,,Habilidad; obediencia; liderazgo artesanal,Éxodo 31; Éxodo 36,,,Jehová capacita a siervos hábiles para su obra de adoración,0,1,"hechos_biblicos,curacion_manual"
123,Balaam,,M,,Profeta,,,,,,ec,S3,Egipto,Llanuras de Moab,Balaam y el asna (c. 1473 a. E. C.) [Números 22:1-24:25],Balac (1),-1473,-1473,Números 22:18,Profeta que reconoció a Jehová pero fue seducido por la codicia,Números 22:18; 2 Pedro 2:15,,Conocía el nombre de Jehová; profetizó bendiciones a Israel,Números 23-24,Codicia; aconsejó apostasía a Balac; ambición,Números 31:16; Apocalipsis 2:14,Conocer la verdad sin obedecerla conduce a la ruina,7,1,"hechos_biblicos,preguntas,curacion_manual"
124,Balac,,M,,Rey,,,,,,ec,S3,Egipto,Llanuras de Moab,Balaam y el asna (c. 1473 a. E. C.) [Números 22:1-24:25],Balaam (1),-1473,-1473,Números 22:6,Rey de Moab que intentó maldecir a Israel,Números 22:2-6; Apocalipsis 2:14,,Ninguna fiel destacada en las Escrituras,,Miedo; intento de maldecir al pueblo de Dios,Números 22-24,Nadie puede maldecir a quien Jehová ha bendecido,3,1,"hechos_biblicos,preguntas,curacion_manual"
125,Acán,,M,Judá,Soldado,,,,,,jue,S1,Egipto,Valle de Acor,Pecado de Acán (1473 a. E. C.) [Josué 7:1-26],Josué (1),-1473,-1473,Josué 7:20-21,Su codicia trajo derrota a Israel en Hai,Josué 7:1-26,,Ninguna fiel destacada en las Escrituras,,Codicia; desobediencia; mentira,Josué 7,El pecado oculto de uno puede afectar a toda la congregación,0,1,"hechos_biblicos,curacion_manual"
126,Débora,,F,,Profetisa,,Juez,,,,ec,S3,,,,,,,Jueces 4:4-5,Profetisa y juez que liberó a Israel de la opresión cananea,Jueces 4:4-9; Jueces 5,,Sabiduría; liderazgo; fe; aliento a Barac,Jueces 4; Jueces 5,,,Jehová puede usar a mujeres valientes como líderes espirituales en tiempos de crisis,0,0,curacion_manual
127,Barac,,M,,Militar,,Juez,,,,ec,S3,,,,,,,Jueces 4:14,Liberó a Israel de Sísara con la guía de Débora,Jueces 4:6-16; Hebreos 11:32,,Valentía; obediencia al mandato de Jehová por medio de Débora,Jueces 4,Al principio vaciló sin la presencia de Débora,Jueces 4:8,La victoria viene cuando actuamos con fe en las instrucciones de Jehová,0,0,curacion_manual
128,Jael,,F,,Esposa de Heber,,,,,,ec,S3,,,,,,,Jueces 5:24,Mujer bendita que eliminó a Sísara y completó la liberación de Israel,Jueces 4:17-22; Jueces 5:24,,Valentía; decisión; lealtad a la causa de Jehová,Jueces 4:17-22,,,Jehová puede usar actos decisivos de fe para cumplir su liberación,0,0,curacion_manual
129,Sísara,,M,,Militar,,Comandante cananeo,,,,jue,S1,Egipto,Monte Tabor / Cedrón,Débora y Barac (c. 1200 a. E. C.) [Jueces 4:1-5:31],"Noemí, Rut, Débora, Barac, Jael, Gedeón, Jefté y su hija, y Sansón (3)",-1200,-1200,Jueces 4:9,Enemigo oprimidor de Israel derrotado por el ejército de Jehová,Jueces 4:12-16,,Ninguna fiel destacada en las Escrituras,,Oppresión; arrogancia militar,Jueces 4,Los opresores de el pueblo de Jehová no prevalecen,12,1,"hechos_biblicos,preguntas,curacion_manual"
130,Gedeón,,M,Manasés,Juez,,Militar,,,,ec,S3,,,,,,,Jueces 6:12,Guerrero valiente usado para liberar a Israel con solo 300 hombres,Jueces 6:12-16; Jueces 7:7,,Fe creciente; humildad inicial; obediencia,Jueces 6; Jueces 7,Creó un efod que se convirtió en trampa para su familia; mató a los de Sucot y Penuel,Jueces 8:24-27; Jueces 8:16-17,Jehová puede dar la victoria con medios débiles si confiamos en él,0,0,curacion_manual
131,Jefté,,M,,Juez,,Guerrero,,,,jue,S1,Egipto,Galaad,Jefté (c. 1150 a. E. C.) [Jueces 11:1-12:7],,-1150,-1150,Jueces 11:29,Liberó a Israel de los amonitas; incluido entre los héroes de fe,Jueces 11:29-33; Hebreos 11:32,,Valentía; liderazgo; fe en la victoria de Jehová,Jueces 11,Hizo un voto imprudente que afectó a su hija,Jueces 11:30-40,Las promesas apresuradas a Jehová pueden tener consecuencias dolorosas,30,1,"hechos_biblicos,preguntas,curacion_manual"
132,Sansón,,M,Dan,Juez,,Nazareo,,,,jue,S1,Egipto,Lehi; Gaza,Sansón mata mil con una quijada (c. 1150 a. E. C.) [Jueces 15:1-20]; Sansón derriba el templo de Dagón (c. 1149 a. E. C.) [Jueces 16:23-31],,-1150,-1149,Jueces 13:5,Nazareo desde el vientre; usado para empezar a salvar a Israel de los filisteos,Jueces 13:5; Jueces 16:28-30,,Fuerza sobrehumana; arrepentimiento final; sacrificio,Jueces 14-16,Indisciplina; ligado a mujeres extranjeras; reveló su secreto por Dalila,Jueces 14; Jueces 16:17-21,Despreciar un voto a Jehová y la autodisciplina destruye incluso dones extraordinarios,48,2,"hechos_biblicos,preguntas,curacion_manual"
133,Rut,,F,,Moabita,,,,,,ec,S3,,,,,,,Rut 1:16,Ejemplo de lealtad; antepasada del linaje del Mesías,Rut 1:16-17; Rut 4:13-22,"Tu pueblo será mi pueblo, y tu Dios mi Dios.",Lealtad; amor; diligencia; humildad,Rut 1; Rut 2; Rut 3,,,La lealtad a Jehová y a su pueblo trae bendiciones inesperadas,0,0,curacion_manual
134,Noemí,,F,,Patriarca,,,,,,ec,S3,,,,,,,Rut 1:16-17,Suegra fiel cuya vida atrajo a Rut al pueblo de Jehová,Rut 1; Rut 4:14-17,,Fe que se restauró; amor a Rut; gratitud,Rut 1; Rut 4,Amargura temporal tras perder a su familia,Rut 1:20-21,Jehová puede devolver la alegría después de temporadas de amargura,0,0,curacion_manual
135,Booz,,M,,Propietario de tierras,,,,,,jue,S1,Egipto,Belén,Rut y Booz (c. 1100 a. E. C.) [Rut 1:1-4:22],"Noemí, Rut, Débora, Barac, Jael, Gedeón, Jefté y su hija, y Sansón (2)",-1100,-1100,Rut 2:12,Redentor de Rut; antepasado del linaje del Mesías,Rut 4:13-22; Mateo 1:5,,Generosidad; justicia; bondad; cumplimiento de la ley del redentor,Rut 2; Rut 4,,,La bondad y la lealtad a la Ley de Jehová enriquecen generaciones futuras,0,1,"hechos_biblicos,curacion_manual"
136,Ana,,F,Efraín,Profetisa,,,,,,mon,S2,Egipto; Asiria; Babilonia; Medopersia; Grecia; Roma,Silo; Belén; Jerusalén,Nacimiento de Samuel (c. 1117 a. E. C.) [1 Samuel 1:1-2:11]; Jesús circuncidado y presentado en el templo (2 a. E. C.) [Luc. 2:21-38],Elcaná (1); Elí (1); Samuel (1); Jesús (1); María (1); José (1),-1117,-2,1 Samuel 1:27,Mujer de oración a quien Jehová concedió un hijo dedicado al servicio,1 Samuel 1:10-20; 1 Samuel 2:1-10,,Oración ferviente; fe; cumplimiento de votos,1 Samuel 1; 1 Samuel 2,,,La oración persistente y los votos cumplidos honran a Jehová,19,2,"hechos_biblicos,preguntas,curacion_manual"
137,Elcaná,,M,Efraín,Patriarca,,,,,,mon,S2,Egipto,Silo,Nacimiento de Samuel (c. 1117 a. E. C.) [1 Samuel 1:1-2:11],Ana (1); Elí (1); Samuel (1),-1117,-1117,1 Samuel 1:5,Padre de Samuel; esposo fiel de Ana,1 Samuel 1:1-28,,Peregrinación regular a Silo; amor a Ana,1 Samuel 1,,,La adoración familiar prepara el camino para siervos de Jehová,0,1,"hechos_biblicos,curacion_manual"
138,Goliat,,M,,Guerrero,,Gigante filisteo,,,,mon,S2,Egipto,Valle de Elá,David y Goliat (c. 1063 a. E. C.) [1 Samuel 17:1-58],David (1); Saúl (1),-1063,-1063,1 Samuel 17:45,Gigante que desafió al ejército de Israel y fue vencido por David,1 Samuel 17:4-51,,Ninguna fiel destacada en las Escrituras,,Arrogancia; desafío a Jehová,1 Samuel 17,La fe en Jehová vence enemigos que parecen invencibles,1,1,"hechos_biblicos,preguntas,curacion_manual"
139,Mical,,F,Benjamín,Princesa,,Esposa de David,,,,mon,S2,Egipto,Jerusalén,Arca llevada a Jerusalén (c. 1067 a. E. C.) [2 Samuel 6:1-23],David (1),-1067,-1067,2 Samuel 6:16,Hija de Saúl que despreció a David por su alegría espiritual,2 Samuel 6:16-23,,Ninguna fiel destacada en las Escrituras,,Desprecio hacia la adoración sincera de David,2 Samuel 6:20,Menospreciar la adoración sincera aleja de las bendiciones,1,1,"hechos_biblicos,preguntas,curacion_manual"
140,Bat-seba,,F,,Reina,,,,,,mon,S2,Egipto,Jerusalén,Pecado con Bat-seba (c. 1040 a. E. C.) [2 Samuel 11:1-12:25],David (1); Natán (1); Urías (1),-1040,-1040,2 Samuel 12:24,Esposa de David; madre de Salomón tras el arrepentimiento,2 Samuel 12:24; 1 Reyes 1:11-31,,Madre protectora de Salomón; apoyo en la sucesión,1 Reyes 1,Participó en el adulterio inicial con David,2 Samuel 11,Jehová puede restaurar tras el arrepentimiento genuino,1,1,"hechos_biblicos,preguntas,curacion_manual"
141,Urías,,M,,Soldado,,,,,,mon,S2,Egipto,Jerusalén,Pecado con Bat-seba (c. 1040 a. E. C.) [2 Samuel 11:1-12:25],David (1); Bat-seba (1); Natán (1),-1040,-1040,2 Samuel 11:11,Guerrero leal injustamente asesinado por orden de David,2 Samuel 11:11-17,,Lealtad al rey y al ejército; integridad,2 Samuel 11:11,,,La injusticia contra siervos fieles no queda sin respuesta de Jehová,1,1,"hechos_biblicos,preguntas,curacion_manual"
142,Joab,,M,,Militar,,General,,,,mon,S2,Egipto,Jerusalén / Mahanaim,Rebelión de Absalón (c. 1035 a. E. C.) [2 Samuel 15:1-19:8],David (1); Absalón (1),-1035,-1035,2 Samuel 3:39,General de David valiente pero violento y ambicioso,2 Samuel 3:39; 1 Reyes 2:5-6,,Valentía militar; lealtad parcial a David,2 Samuel 8; 2 Samuel 10,Asesinatos por venganza; desobedeció órdenes de David,2 Samuel 3:27; 2 Samuel 18:14,El talento sin sumisión a Jehová corrompe el servicio,1,1,"hechos_biblicos,preguntas,curacion_manual"
143,reina de Seba,,F,,Reina,Ficha de Personaje: Reyes,,,,,mon,S2,Egipto,Jerusalén,Reina de Seba (c. 993 a. E. C.) [1 Reyes 10:1-13],Salomón (1),-993,-993,1 Reyes 10:9,Monarca extranjera que reconoció la sabiduría dada por Jehová a Salomón,1 Reyes 10:1-9,,Búsqueda de sabiduría; reconocimiento de Jehová,1 Reyes 10,,,La sabiduría de Jehová atrae a buscadores sinceros de todo el mundo,1,1,"hechos_biblicos,preguntas,curacion_manual"
144,Roboam,,M,Judá,Rey,Ficha de Personaje: Reyes,,,,,div,S2,Egipto,Siquem,División del reino (997 a. E. C.) [1 Reyes 11:26-12:33],Jeroboán (1); Ajías (1),-997,-997,1 Reyes 12:8,Rey que dividió Israel por orgullo (mismo suceso que Rehoboam),1 Reyes 12:1-19,,Ninguna fiel destacada en las Escrituras,,Arrogancia; rechazó consejo sabio,1 Reyes 12,El orgullo destruye lo que se hereda,0,1,"hechos_biblicos,curacion_manual"
145,Jeroboán,,M,Efraín,Rey,Ficha de Personaje: Reyes,,,,,div,S2,Egipto,Siquem; Jerusalén,"División del reino (997 a. E. C.) [1 Reyes 11:26-12:33]; Rehoboam sucede a Salomón; el reino se divide; Jeroboán empieza a gobernar como rey de Israel (997 a. E. C.) [1 Rey. 11:43; 12:19, 20]",Roboam (1); Ajías (1); Rehoboam (1),-997,-997,1 Reyes 12:28-30,Rey que hizo pecar a Israel con becerros de oro y sacerdotes ilegítimos,1 Reyes 12:26-33; 1 Reyes 14:9,,Ninguna fiel destacada en las Escrituras,,Apostasía; miedo político; estableció falso culto,1 Reyes 12,Usar la religión para mantener el poder destruye la relación del pueblo con Jehová,31,2,"hechos_biblicos,preguntas,curacion_manual"
146,Ajías,,M,,Profeta,Ficha de Personaje: Reyes,,,,,div,S2,Egipto,Siquem,División del reino (997 a. E. C.) [1 Reyes 11:26-12:33],Roboam (1); Jeroboán (1),-997,-997,1 Reyes 11:29-31,Profeta que anunció la división del reino por la apostasía de Salomón,1 Reyes 11:29-39,,Valentía profética; obediencia,1 Reyes 11,,,Los profetas declaran las consecuencias de la desobediencia real,0,1,"hechos_biblicos,curacion_manual"
147,Nabot,,M,,Propietario de viña,Ficha de Personaje: Reyes,,,,,div,S2,Egipto,Jezreel,Viña de Nabot (c. 940-917 a. E. C.) [1 Reyes 21:1-29],Jezabel (1); Acab (1); Eliás (1),-940,-940,1 Reyes 21:3,Justo que rechazó vender su herencia y fue asesinado,1 Reyes 21:1-19,,Integridad; respeto por la herencia de Jehová,1 Reyes 21:3,,,Jehová defiende a quienes no venden su integridad,0,1,"hechos_biblicos,curacion_manual"
148,Jezabel,,F,,Reina,Ficha de Personaje: Reyes,,,,,div,S2,Egipto,Jezreel,Viña de Nabot (c. 940-917 a. E. C.) [1 Reyes 21:1-29],Nabot (1); Acab (1); Eliás (1),-940,-940,1 Reyes 21:25,Influencia perversa que llevó a Acab a la apostasía y la violencia,1 Reyes 21:25; Apocalipsis 2:20,,Ninguna fiel destacada en las Escrituras,,Idolatría; crueldad; conspiración; persecución de profetas,1 Reyes 18; 1 Reyes 21,La influencia malvada en el hogar puede arrastrar a toda una nación al error,33,1,"hechos_biblicos,preguntas,curacion_manual"
149,Naamán,,M,,Militar,Ficha de Personaje: Reyes,Comandante sirio,,,,div,S2,Egipto,Río Jordán,Naamán sanado (c. 917-850 a. E. C.) [2 Reyes 5:1-27],Eliseo (1),-917,-917,2 Reyes 5:15,Enemigo extranjero que reconoció que no hay Dios en toda la tierra sino en Israel,2 Reyes 5:15-17,,Humildad final; obediencia; gratitud,2 Reyes 5,Orgullo inicial; casi rechazó la instrucción simple de Eliseo,2 Reyes 5:11-12,La humildad para obedecir instrucciones sencillas abre la puerta a la sanación,38,1,"hechos_biblicos,preguntas,curacion_manual"
150,Senaquerib,,M,,Rey,Ficha de Personaje: Reyes,Emperador asirio,,,,div,S2,Asiria,Jerusalén,Ezequías y Senaquerib (732 a. E. C.) [2 Reyes 18:13-19:37]; Senaquerib invade a Judá (732 a. E. C.) [2 Rey. 18:13],Ezequías (2); Isaías (1),-732,-732,2 Reyes 19:35,Enemigo que blasfemó contra Jehová y fue derrotado milagrosamente,2 Reyes 19:20-37,,Ninguna fiel destacada en las Escrituras,,Blasfemia; arrogancia; amenazas contra Jerusalén,2 Reyes 18-19,Jehová defiende su nombre y su pueblo ante enemigos soberbios,4,2,"hechos_biblicos,preguntas,curacion_manual"
151,Hilcías,,M,,Sumo sacerdote,Ficha de Personaje: Reyes,,,,,div,S2,Asiria,Jerusalén,Josías repara el templo (c. 648 a. E. C.) [2 Reyes 22:1-23:30],Josías (1),-648,-648,2 Reyes 22:8,Encontró el libro de la Ley durante las reformas de Josías,2 Reyes 22:8-11,,Fidelidad; celo por redescubrir la Palabra,2 Reyes 22,,,Redescubrir la Palabra de Dios puede iniciar grandes reformas,0,1,"hechos_biblicos,curacion_manual"
152,Gad,,M,,Profeta,,,,,,mon,S2,Egipto,Jerusalén,Gad y Natán completan 2 Samuel (c. 1040 a. E. C.) [2 Sam. 24:18]; Censo de David (c. 1035 a. E. C.) [1 Crónicas 21:1-22:1],David (1); Natán (1),-1040,-1035,2 Samuel 24:11-13,Profeta que transmitió las opciones de castigo a David,2 Samuel 24:11-14,,Fidelidad profética; claridad,2 Samuel 24; 1 Crónicas 21,,,Los profetas deben transmitir mensajes difíciles con fidelidad,2,2,"hechos_biblicos,preguntas,curacion_manual"
153,Zorobabel,,M,Judá,Gobernador,,,,,,res,S2,Medopersia,Jerusalén,"Zorobabel coloca el fundamento del templo (536 a. E. C.) [Esd. 3:8-10]; Zorobabel completa el segundo templo (515 a. E. C.) [Esd. 6:14, 15]",,-536,-515,Hageo 2:23,Líder del retorno del exilio y la reconstrucción del templo,Esdras 3:2; Hageo 2:21-23,,Obediencia; liderazgo; perseverancia,Esdras 3-6; Hageo 1,,,No despreciar los comienzos modestos de la obra de Jehová,4,2,"hechos_biblicos,preguntas,curacion_manual"
154,Mardoqueo,,M,Benjamín,Funcionario,,,,,,res,S2,Medopersia,Susa,Mardoqueo completa el libro de Ester (c. 475 a. E. C.) [Est. 3:7; 9:32]; Conspiración de Hamán (c. 474 a. E. C.) [Ester 3:1-5:14]; Triunfo de Ester (c. 473 a. E. C.) [Ester 6:1-10:3],Ester (3); Hamán (1); Asuero (1),-475,-473,Ester 4:14,Primo de Ester que guió la salvación del pueblo judío en Persia,Ester 2:5-7; Ester 4:13-14,,Lealtad; valentía; fe en el momento oportuno de Jehová,Ester 3; Ester 4; Ester 6,,,Jehová coloca a siervos fieles en posiciones clave para salvar a su pueblo,15,3,"hechos_biblicos,preguntas,curacion_manual"
155,Hamán,,M,,Funcionario,,,,,,res,S2,Medopersia,Susa,Conspiración de Hamán (c. 474 a. E. C.) [Ester 3:1-5:14],Mardoqueo (1); Ester (1),-474,-474,Ester 3:5-6,Enemigo del pueblo de Jehová que tramó su exterminio,Ester 3:5-6; Ester 7:10,,Ninguna fiel destacada en las Escrituras,,Orgullo; odio; venganza; ambición destructiva,Ester 3; Ester 5,La maldad preparada contra el pueblo de Dios recae finalmente sobre el malvado,8,1,"hechos_biblicos,preguntas,curacion_manual"
156,Asuero,,M,,Rey,,Emperador persa,,,,res,S2,Medopersia,Susa,Triunfo de Ester (c. 473 a. E. C.) [Ester 6:1-10:3],Ester (1); Mardoqueo (1),-473,-473,Ester 8:8,Monarca persa instrumento para salvar al pueblo de Jehová,Ester 2:17; Ester 8,,Elevó a Ester; respondió al decreto de Hamán,Ester 2; Ester 8,Decretó exterminio sin investigar; banquetes prolongados,Ester 3; Ester 1,Jehová puede usar imperios humanos para proteger a su pueblo,9,1,"hechos_biblicos,preguntas,curacion_manual"
157,Job,,M,,Patriarca,,,,,,pat,S1,Egipto,Tierra de Uz,"Pruebas de Job (c. 1650 a. E. C.) [Job 1:1-2:13]; Job puesto a prueba (a. 1613 a. E. C.) [Job 1:8; Job 42:16]; Moisés completa el libro de Job (c. 1473 a. E. C.) [Job 42:16, 17]",Satán (1); Moisés (1),-1650,-1473,Job 1:8,"Hombre íntegro, recto, temeroso de Dios y apartado del mal",Job 1:8,"No hay nadie como él en la tierra. Es un hombre íntegro y recto, temeroso de Dios y apartado del mal.",Integridad; paciencia; temor de Dios,Job 1; Job 42,En su angustia llegó a cuestionar la actuación de Jehová,Job 38:1-2,Jehová escucha al íntegro y corrige con amor para fortalecer la fe,73,3,"hechos_biblicos,preguntas,curacion_manual"
158,Satán,,M,,Adversario,,,,,,pat,S1,Sin potencia (anterior a Egipto),Tierra de Uz,Pruebas de Job (c. 1650 a. E. C.) [Job 1:1-2:13],Job (1),-1650,-1650,Job 1:12,Acusador que puso a prueba la integridad de Job,Job 1:6-12; Job 2:4-7,,Ninguna fiel destacada en las Escrituras,,Acusación; provocación; engaño,Job 1-2,Jehová limita las pruebas y vindica a los íntegros,0,1,"hechos_biblicos,curacion_manual"
159,Sadrac,,M,,Joven fiel,,,,,,ec,S3,,,,,,,Daniel 3:17,"Ver Hananías, Misael y Azariás (Sadrac = Azariás)",Daniel 3,,"Ver Hananías, Misael y Azariás",Daniel 3,,,"Ver Hananías, Misael y Azariás",0,0,curacion_manual
160,Mesac,,M,,Joven fiel,,,,,,ec,S3,,,,,,,Daniel 3:17,"Ver Hananías, Misael y Azariás (Mesac = Misael)",Daniel 3,,"Ver Hananías, Misael y Azariás",Daniel 3,,,"Ver Hananías, Misael y Azariás",0,0,curacion_manual
161,Abednego,,M,,Joven fiel,,,,,,ec,S3,,,,,,,Daniel 3:17,"Ver Hananías, Misael y Azariás (Abednego = Hananías)",Daniel 3,,"Ver Hananías, Misael y Azariás",Daniel 3,,,"Ver Hananías, Misael y Azariás",0,0,curacion_manual
162,Elisabet,,,,,,,,,,ec,S3,Roma,Colinas de Judea; Nazaret; Judea,Nace Juan el Bautizante (2 a. E. C.) [Luc. 1:57-80]; Nacimiento de Jesús predicho a María (c. 2 a. E. C.) [Luc. 1:26-56],Juan el Bautista (1); Zacarías (1); María (1); Gabriel (1),-2,-2,,,,,,,,,,22,2,"hechos_biblicos,preguntas"
163,María,,F,Judá,Madre del Mesías,,,,,,ec,S3,Roma,Jerusalén; Belén; Nazaret; Jerusalén; Caná de Galilea; Capernaum; Betania; Nazaret; Judea; Belén; Belén; Jerusalén,"Nacimiento de Jesús predicho a María (c. 2 a. E. C.) [Luc. 1:26-56]; Nace Jesús en Belén (2 a. E. C.) [Mt 1:1-25; Lu 2:1-7; Jn 1:1-14]; Jesús circuncidado y presentado en el templo (2 a. E. C.) [Luc. 2:21-38]; Astrólogos, huida a Egipto y regreso (1 a. E. C.) [Mt 2:1-23; Lu 2:39, 40]; Jesús de 12 años en el templo (12 e. c.) [Luc. 2:41-52]; Primer milagro en Caná; visita Capernaum (29 e. c.) [Jn 2:1-12]; Jesús llega a Betania (33 E. C.) [Juan 11:55–12:1]; Cena en casa de Simón el leproso (33 E. C.) [Mateo 26:6-13; Marcos 14:3-9; Juan 12:2-11]",Jesús (7); José (4); Lázaro (2); Marta (1); Pedro (1); Gabriel (1),-2,33,Lucas 1:38,Halló favor; aceptó con fe su asignación como madre del Mesías,Lucas 1:30-38,"Mira, la esclava de Jehová. Que se haga conmigo conforme a tu declaración.",Fe; humildad; meditación; lealtad,Lucas 1:46-55; Lucas 2:19,,,La fe se demuestra confiando en los propósitos de Jehová aun sin entenderlo todo,92,8,"hechos_biblicos,preguntas,curacion_manual"
164,Satanás,,M,,Adversario,,,,,,ec,S3,Roma,Desierto de Judea,"Ayuno y tentación de Jesús (29 e. c.) [Mt 4:1-11; Mr 1:12, 13; Lu 4:1-13]",Jesús (1),29,29,Mateo 4:10,Adversario que tentó a Jesús y fue rechazado con las Escrituras,Mateo 4:1-11; Apocalipsis 12:9,,Ninguna fiel destacada en las Escrituras,,Engaño; rebelión; tentación,Génesis 3; Mateo 4,Responder con las Escrituras es la defensa contra la tentación,6,1,"hechos_biblicos,preguntas,curacion_manual"
165,Andrés,,M,,Apóstol,,Evangelizador,,,,ec,S3,Roma,Galilea; Valle del Alto Jordán,Primeros discípulos (29 E. C.) [Mateo 4:18-22; Marcos 1:16-20]; Primeros discípulos de Jesús (29 e. c.) [Jn 1:35-51],Jesús (2); Pedro (2); Santiago (1); Juan el apóstol (1); Felipe el evangelizador (1); Natanael (1),29,29,Juan 1:41,Primer discípulo llamado; llevó a su hermano Pedro a Jesús,Juan 1:40-42,,Iniciativa evangelizadora; humildad; servicio,Juan 1; Juan 6:8-9; Juan 12:22,,,Presentar a otros a Cristo es un servicio valioso y duradero,9,2,"hechos_biblicos,preguntas,curacion_manual"
166,Santiago,,M,,Apóstol,,,,,,ec,S3,Roma,Galilea; Jerusalén,"Primeros discípulos (29 E. C.) [Mateo 4:18-22; Marcos 1:16-20]; Concilio de Jerusalén (c. 49 E. C.) [Hechos 15:1-35]; Santiago, hermano de Jesús, escribe la carta llamada 'Santiago' desde Jerusalén (a. 62 e. c.) [Sant. 1:1]",Pedro (2); Jesús (1); Andrés (1); Juan el apóstol (1); Pablo (1),29,62,Hechos 12:2,Apóstol de Cristo; primer apóstol en morir por su fe,Marcos 3:17; Hechos 12:1-2,,Celo; lealtad; valentía,Marcos 10:35-40; Hechos 12:1-2,De joven buscó posiciones de prominencia con ambición,Marcos 10:35-37,"El servicio cristiano puede exigir sacrificio total, no solo ambición",91,3,"hechos_biblicos,preguntas,curacion_manual"
167,Juan,,M,,Apóstol,,,,,,ec,S3,,,,,,,Juan 13:23,Alias de Juan el apóstol (ver ficha curada),Juan 21:20-24,,Ver ficha Juan el apóstol,1 Juan 4,Ver ficha Juan el apóstol,Lucas 9:54,Ver ficha Juan el apóstol,0,0,curacion_manual
168,Nicodemo,,M,,Fariseo,,Miembro del Sanedrín,,,,ec,S3,Roma,Jerusalén; Gólgota / tumba,Conversación de Jesús con Nicodemo (30 e. c.) [Jn 3:1-21]; Sepultura de Jesús (33 E. C.) [Mateo 27:57-61; Marcos 15:42-47; Lucas 23:50-56; Juan 19:38-42],Jesús (2); José de Arimatea (1),30,33,Juan 3:3,Maestro de Israel que buscó a Jesús y defendió la justicia,Juan 3:1-21; Juan 7:50-51; Juan 19:39,,Búsqueda sincera de la verdad; valentía creciente,Juan 3; Juan 19:38-42,Al principio temió reconocerse públicamente como discípulo,Juan 3:1-2; Juan 19:38-39,La fe puede crecer gradualmente hasta manifestarse con valentía,15,2,"hechos_biblicos,preguntas,curacion_manual"
169,mujer samaritana,,,,,,,,,,ec,S3,Roma,"Sicar, Samaria",Jesús enseña a los samaritanos (30 e. c.) [Jn 4:4-43],Jesús (1),30,30,,,,,,,,,,4,1,"hechos_biblicos,preguntas"
170,apóstoles,,,,,,,,,,ec,S3,Roma,Jerusalén,"6 de Siván, Pentecostés: derramamiento de espíritu; Pedro abre a los judíos el camino a la congregación cristiana (33 e. c.) [Hech. 2:1-17; Hechos  2:38]; Cuerpo gobernante decide contra exigir la circuncisión de los creyentes de las naciones (c. 49 e. c.) [Hech. 15:28; Hechos  15:29]",Pedro (1); Pablo (1),33,49,,,,,,,,,,37,2,"hechos_biblicos,preguntas"
171,Ananías,,M,,Discípulo,,,,,,ec,S3,Roma,Jerusalén,Ananías y Safira (33 E. C.) [Hechos 5:1-11],Pedro (1); Safira (1),33,33,Hechos 5:3-4,Mentir al espíritu santo trajo juicio inmediato,Hechos 5:1-11,,Ninguna fiel destacada en las Escrituras,,Engaño; hipocresía; codicia,Hechos 5:1-10,Jehová detesta la deshonestidad en el servicio sagrado,22,1,"hechos_biblicos,preguntas,curacion_manual"
172,Safira,,F,,Discípula,,,,,,ec,S3,Roma,Jerusalén,Ananías y Safira (33 E. C.) [Hechos 5:1-11],Pedro (1); Ananías (1),33,33,Hechos 5:9,Participó con Ananías en el engaño sobre una venta,Hechos 5:1-10,,Ninguna fiel destacada en las Escrituras,,Complicidad en el engaño,Hechos 5:1-10,La deshonestidad compartida no reduce la responsabilidad personal,0,1,"hechos_biblicos,curacion_manual"
173,Saulo,,M,,Apóstol,,,,,,ec,S3,,,,,,,Hechos 9:15,Nombre hebreo de Pablo antes de su conversión (ver ficha Pablo),Hechos 9:4-6,,Ver ficha Pablo,Gálatas 1:13,Ver ficha Pablo,Hechos 8:3,Ver ficha Pablo,0,0,curacion_manual
174,Felipe,,M,,Apóstol,,,,,,ec,S3,,,,,,,Juan 1:45,Apóstol que llevó a Natanael a Jesús (distinto de Felipe el evangelizador),Juan 1:43-46; Juan 6:5-7,,Evangelizador; servicio práctico,Juan 1; Juan 12:21-22,,,Invitar a otros a conocer a Cristo es un servicio valioso,0,0,curacion_manual
175,Cornelio,,M,,Oficial militar,,,,,,ec,S3,Roma,Cesarea,"Fin de las 70 semanas de años; Pedro visita a Cornelio, el primero de la gente incircuncisa de las naciones que entra en la congregación cristiana (36 e. c.) [Dan. 9:24-27; Hech. 10:1, 45]",Pedro (1),36,36,Hechos 10:2,Hombre justo y temeroso de Dios; primer gentil no judío en recibir el espíritu santo,Hechos 10:1-48,,Oración; limosna; receptividad a la verdad,Hechos 10:1-6; Hechos 10:44-48,,,"Jehová escucha a todo corazón sincero, sin importar la nación",42,1,"hechos_biblicos,preguntas,curacion_manual"
176,Demetrio,,M,,Artesano,,,,,,ec,S3,Roma,Éfeso,Revuelta en Éfeso (c. 55 E. C.) [Hechos 19:23-41],Pablo (1),55,55,Hechos 19:25,Plataformista que provocó disturbio por intereses comerciales,Hechos 19:24-27,,Ninguna fiel destacada en las Escrituras,,Codicia; incitar multitudes contra la verdad,Hechos 19,Los intereses materiales pueden cegar contra el mensaje del Reino,6,1,"hechos_biblicos,preguntas,curacion_manual"
177,Félix,,M,,Gobernador romano,,,,,,ec,S3,Roma,Cesarea,Pablo ante Félix y Festo (c. 56-58 E. C.) [Hechos 24:1-26:32],Pablo (1); Festo (1),56,56,Hechos 24:25,Escuchó a Pablo pero pospuso la decisión por conveniencia,Hechos 24:24-27,,Reconoció la enseñanza de Pablo,Hechos 24:24-25,Procrastinación; esperaba sobornos; mantuvo a Pablo preso,Hechos 24:26-27,Posponer la respuesta a la verdad puede ser tan dañino como rechazarla,22,1,"hechos_biblicos,preguntas,curacion_manual"
178,Festo,,M,,Gobernador romano,,,,,,ec,S3,Roma,Cesarea,Pablo ante Félix y Festo (c. 56-58 E. C.) [Hechos 24:1-26:32],Pablo (1); Félix (1),56,56,Hechos 25:11,Gobernador que escuchó a Pablo y lo envió a Roma,Hechos 25:1-12,,Disposición a escuchar; respeto al derecho de apelación,Hechos 25,Dejó a Pablo preso por complacer a los judíos,Hechos 24:27,La justicia parcial no sustituye una decisión valiente,25,1,"hechos_biblicos,preguntas,curacion_manual"
179,Jerusalén,,,,,,,,,,ec,S3,Medopersia; Grecia; Roma,Jerusalén,Evidentemente se completa la reedificación de Jerusalén (406 a. E. C.) [Dan. 9:25]; Los romanos destruyen Jerusalén y su templo (70 e. c.) [Dan. 9:27; Mat. 23:37; Mateo 23:38; Luc. 19:42-44],,-406,70,,,,,,,,,,18,2,"hechos_biblicos,preguntas"
180,Alejandro Magno,,M,,Rey,,Conquistador,,,,res,S2,Medopersia; Grecia,Grecia,POTENCIA MUNDIAL: Grecia (c. 332 a. E. C.) [Contexto histórico (JW: línea de tiempo sección 3)],,-332,-332,Daniel 8:21,Conquistador profetizado en la visión de las bestias,Daniel 8:5-8; Daniel 11:3-4,,Ninguna fiel destacada en las Escrituras,,Conquista violenta; imperio efímero,Daniel 8,Los imperios humanos pasan; el Reino de Dios permanece,2,1,"hechos_biblicos,preguntas,curacion_manual"
181,Corintios,,,,,,,,,,ec,S3,Roma,Macedonia,Segunda carta a los Corintios (c. 55 e.c.) [2 Corintios 1:1],Pablo (1),55,55,,,,,,,,,,0,1,hechos_biblicos
182,Colosenses,,,,,,,,,,ec,S3,Roma,Roma,Carta a los Colosenses (c. 60 e.c.) [Colosenses 1:2],Pablo (1),60,60,,,,,,,,,,41,1,"hechos_biblicos,preguntas"
183,Filemón,,,,,,,,,,ec,S3,Roma,Roma,Carta a Filemón (c. 60 e.c.) [Filemón 1:1],Pablo (1),60,60,,,,,,,,,,38,1,"hechos_biblicos,preguntas"
184,Filipenses,,,,,,,,,,ec,S3,Roma,Roma,Carta a los Filipenses (c. 60 e.c.) [Filipenses 1:1],Pablo (1),60,60,,,,,,,,,,47,1,"hechos_biblicos,preguntas"
185,Judas,,M,,Apóstol,,,,,,ec,S3,Roma,Palestina (?),"Judas, hermano de Jesús, escribe 'Judas' (c. 65 e. c.) [Jud. 1, 17, 18]",,65,65,Mateo 26:24,Apóstol que traicionó a Jesús por codicia,Mateo 26:14-16; Juan 12:6,,Ninguna fiel destacada en las Escrituras,,Codicia; hipocresía; traición; amor al dinero,Juan 12:6; Mateo 26:14-16; Mateo 27:3-5,Servir por interés personal lleva a la destrucción espiritual,57,1,"hechos_biblicos,preguntas,curacion_manual"
186,Malaquías,,,,Profeta,Ficha de Personaje: Profetas,,,,,res,S2,Medopersia,Jerusalén,Profecía de Malaquías (c. 443 a. E. C.) [MALAQUÍAS 1-4],,-443,-443,,,,,,,,,,33,1,"hechos_biblicos,preguntas"
187,Lucas,,,,,,,,,,ec,S3,Roma,Palestina; Cesarea; Roma,"Evangelio según Lucas (c. 56 e.c.) [Lucas 1:3]; Lucas escribe el Evangelio llamado 'Lucas' (c. 57 e. c.) [Luc. 1:1, 2]; Lucas completa el libro de Hechos en Roma (c. 61 e. c.) [Hech. 28:31]",,56,61,,,,,,,,,,105,3,"hechos_biblicos,preguntas"
188,Cam,,,,,,,,,,pre,S1,Sin potencia (anterior a Egipto),Antediluviano,Noé comienza a engendrar hijos (2470 a. E. C.) [Génesis 5:32]; Construcción del arca y predicación de Noé (2470-2370 a. E. C.) [Génesis 6:13-22; 2 Pedro 2:5; Hebreos 11:7],Noé (2); Sem (2); Jafet (2); Matusalén (1); Lamec (1),-2470,-2470,,,,,,,,,,0,2,hechos_biblicos
189,Arpaksad,,,,,,,,,,pat,S1,Sin potencia (anterior a Egipto),Mesopotamia,Nace Arpaksad (2368 a. E. C.) [Gén. 11:10],Sem (1),-2368,-2368,,,,,,,,,,2,1,"hechos_biblicos,preguntas"
190,Natanael,,,,,,,,,,ec,S3,Roma,Valle del Alto Jordán,Primeros discípulos de Jesús (29 e. c.) [Jn 1:35-51],Jesús (1); Andrés (1); Pedro (1); Felipe el evangelizador (1),29,29,,,,,,,,,,5,1,"hechos_biblicos,preguntas"
191,Zaqueo,,,,,,,,,,ec,S3,Roma,Jericó,Zaqueo en Jericó y parábola de las minas (32 E. C.) [Mateo 20:29-34; Marcos 10:46-52; Lucas 18:35–19:28],Jesús (1),32,32,,,,,,,,,,5,1,"hechos_biblicos,preguntas"
192,Lázaro,,M,,Amigo de Jesús,,,,,,ec,S3,Roma,Betania,Jesús llega a Betania (33 E. C.) [Juan 11:55–12:1]; Cena en casa de Simón el leproso (33 E. C.) [Mateo 26:6-13; Marcos 14:3-9; Juan 12:2-11],Jesús (2); María (2); Marta (1); Pedro (1),33,33,Juan 11:43-44,"Amigo amado de Jesús, a quien resucitó como prueba del poder del Mesías",Juan 11:1-44,,Fe; amistad sincera; testimonio vivo de la resurrección,Juan 11; Juan 12:1-2,,,Jesús tiene poder sobre la muerte y demuestra su amor con actos concretos,11,2,"hechos_biblicos,preguntas,curacion_manual"
193,Marta,,F,,Discípula,,,,,,ec,S3,Roma,Betania,Jesús llega a Betania (33 E. C.) [Juan 11:55–12:1],Jesús (1); Lázaro (1); María (1),33,33,Lucas 10:41-42,Amiga de Jesús que aprendió a valorar lo espiritual,Lucas 10:38-42; Juan 11:5,,Hospitalidad; servicio; fe en la resurrección,Lucas 10; Juan 11:20-27,Se preocupaba demasiado por muchas cosas,Lucas 10:41,Escoger lo mejor es sentarse a los pies de Cristo para aprender,13,1,"hechos_biblicos,preguntas,curacion_manual"
194,Simón,,,,,,,,,,ec,S3,,,,,,,,,,,,,,,,0,0,
195,José de Arimatea,,,,,,,,,,ec,S3,Roma,Gólgota / tumba,Sepultura de Jesús (33 E. C.) [Mateo 27:57-61; Marcos 15:42-47; Lucas 23:50-56; Juan 19:38-42],Jesús (1); Nicodemo (1),33,33,,,,,,,,,,6,1,"hechos_biblicos,preguntas"
196,Pilato,,M,,Gobernador romano,,,,,,ec,S3,Roma,Jerusalén,Guardia en la tumba (33 E. C.) [Mateo 27:62-66],,33,33,Mateo 27:24,Funcionario romano que condenó a Jesús pese a reconocer su inocencia,Mateo 27:24-26; Juan 19:4-16,,Reconoció la inocencia de Jesús en público,Juan 18:38; Mateo 27:24,Cedió a la presión de la multitud; lavó las manos pero no actuó con justicia,Mateo 27:24-26,Evitar conflictos a costa de la justicia puede tener graves consecuencias,43,1,"hechos_biblicos,preguntas,curacion_manual"
197,María Magdalena,,F,,Discípula,,,,,,ec,S3,Roma,Jerusalén,Compra de especias (33 E. C.) [Marcos 16:1],otras mujeres (1),33,33,Juan 20:16-18,Fiel seguidora de Jesús; primera en ver al Señor resucitado,Marcos 16:9; Juan 20:11-18,,Lealtad; gratitud; valentía para anunciar la resurrección,Lucas 8:2; Juan 20,,,Jehová honra a quienes permanecen fieles en los momentos más difíciles,35,1,"hechos_biblicos,preguntas,curacion_manual"
198,otras mujeres,,,,,,,,,,ec,S3,Roma,Jerusalén,Compra de especias (33 E. C.) [Marcos 16:1],María Magdalena (1),33,33,,,,,,,,,,0,1,hechos_biblicos
199,Set,,,,,,,,,,pre,S1,Sin potencia (anterior a Egipto),Edén; Antediluviano,Nace Set (3896 a. E. C.) [Gén. 5:3]; Invocación del nombre de Jehová (días de Enós) (3791 a. E. C.) [Génesis 4:26],Adán (2); Enós (1),-3896,-3791,,,,,,,,,,3,2,"hechos_biblicos,preguntas"
200,Enós,,,,,,,,,,pre,S1,Sin potencia (anterior a Egipto),Antediluviano,Invocación del nombre de Jehová (días de Enós) (3791 a. E. C.) [Génesis 4:26],Set (1); Adán (1),-3791,-3791,,,,,,,,,,1,1,"hechos_biblicos,preguntas"
201,Lamec,,,,,,,,,,pre,S1,Sin potencia (anterior a Egipto),Tierra de la Huida (Nod); Antediluviano,Línea de Lamec cainita (poligamia y violencia) (3400-3300 a. E. C.) [Génesis 4:17-24]; Nace Lamec (3152 a. E. C.) [Gén. 5:25]; Invasión de los Nefilim (2800-2370 a. E. C.) [Génesis 6:1-4; 2 Pedro 2:4; Judas 6]; Construcción del arca y predicación de Noé (2470-2370 a. E. C.) [Génesis 6:13-22; 2 Pedro 2:5; Hebreos 11:7],Noé (2); Matusalén (2); Jabal (1); Jubal (1); Tubal-caín (1); Nefilim (1),-3400,-2470,,,,,,,,,,2,4,"hechos_biblicos,preguntas"
202,Jabal,,,,,,,,,,pre,S1,Sin potencia (anterior a Egipto),Tierra de la Huida (Nod),Línea de Lamec cainita (poligamia y violencia) (3400-3300 a. E. C.) [Génesis 4:17-24],Lamec (1); Jubal (1); Tubal-caín (1),-3400,-3400,,,,,,,,,,0,1,hechos_biblicos
203,Jubal,,,,,,,,,,pre,S1,Sin potencia (anterior a Egipto),Tierra de la Huida (Nod),Línea de Lamec cainita (poligamia y violencia) (3400-3300 a. E. C.) [Génesis 4:17-24],Lamec (1); Jabal (1); Tubal-caín (1),-3400,-3400,,,,,,,,,,0,1,hechos_biblicos
204,Tubal-caín,,,,,,,,,,pre,S1,Sin potencia (anterior a Egipto),Tierra de la Huida (Nod),Línea de Lamec cainita (poligamia y violencia) (3400-3300 a. E. C.) [Génesis 4:17-24],Lamec (1); Jabal (1); Jubal (1),-3400,-3400,,,,,,,,,,1,1,"hechos_biblicos,preguntas"
205,Nefilim,,,,,,,,,,pre,S1,Sin potencia (anterior a Egipto),Antediluviano,Invasión de los Nefilim (2800-2370 a. E. C.) [Génesis 6:1-4; 2 Pedro 2:4; Judas 6],Noé (1); Matusalén (1); Lamec (1),-2800,-2800,,,,,,,,,,2,1,"hechos_biblicos,preguntas"
206,Matusalén,,,,,,,,,,pre,S1,Sin potencia (anterior a Egipto),Antediluviano,Nace Matusalén (3339 a. E. C.) [Gén. 5:21]; Invasión de los Nefilim (2800-2370 a. E. C.) [Génesis 6:1-4; 2 Pedro 2:4; Judas 6]; Construcción del arca y predicación de Noé (2470-2370 a. E. C.) [Génesis 6:13-22; 2 Pedro 2:5; Hebreos 11:7]; Muere Matusalén (2370 a. E. C.) [Gén. 5:27],Noé (2); Lamec (2); Nefilim (1); Sem (1); Cam (1); Jafet (1),-3339,-2370,,,,,,,,,,4,4,"hechos_biblicos,preguntas"
207,Abiyam,,,,Rey,Ficha de Personaje: Reyes,,,,,div,S2,Egipto,Jerusalén,Abiyam (Abías) sucede a Rehoboam como rey de Judá (980 a. E. C.) [1 Rey. 15:1; 1 Reyes  15:2],,-980,-980,,,,,,,,,,2,1,"hechos_biblicos,preguntas"
208,Jehoram,,,,Rey,Ficha de Personaje: Reyes,,,,,div,S2,Egipto,Jerusalén; Samaria,"Jehoram de Israel sucede a Ocozías como único rey (c. 917 a. E. C.) [2 Rey. 3:1]; Jehoram de Judá 'llega a ser rey', con Jehosafat (913 a. E. C.) [2 Rey. 8:16; 2 Reyes  8:17]",,-917,-913,,,,,,,,,,5,2,"hechos_biblicos,preguntas"
209,Ocozías,,,,Rey,Ficha de Personaje: Reyes,,,,,div,S2,Egipto,Jerusalén; Samaria,Ocozías sucede a Acab como único rey de Israel (c. 919 a. E. C.) [1 Rey. 22:51; 1 Reyes  22:52]; Ocozías sucede a Jehoram como rey de Judá (c. 906 a. E. C.) [2 Rey. 8:25; 2 Reyes  8:26],,-919,-906,,,,,,,,,,3,2,"hechos_biblicos,preguntas"
210,Jehoás,,,,Rey,Ficha de Personaje: Reyes,,,,,div,S2,Egipto; Asiria,Jerusalén; Samaria,Jehoás sucede a Ocozías como rey de Judá (898 a. E. C.) [2 Rey. 12:1]; Jehoás sucede a Jehoacaz como único rey de Israel (c. 859 a. E. C.) [2 Rey. 13:10],,-898,-859,,,,,,,,,,6,2,"hechos_biblicos,preguntas"
211,Elah,,,,Rey,Ficha de Personaje: Reyes,,,,,div,S2,Egipto,Samaria,Elah sucede a Baasá como rey de Israel (c. 952 a. E. C.) [1 Rey. 16:8],,-952,-952,,,,,,,,,,1,1,"hechos_biblicos,preguntas"
212,Tibní,,,,Rey,Ficha de Personaje: Reyes,,,,,div,S2,Egipto,Samaria,Omrí y Tibní suceden a Zimrí como reyes de Israel (c. 951 a. E. C.) [1 Rey. 16:21],Omrí (1),-951,-951,,,,,,,,,,0,1,hechos_biblicos
213,Jehoacaz y Jehoás,,,,Rey,Ficha de Personaje: Reyes,,,,,div,S2,Asiria,Samaria,Reinado de Jehoacaz y Jehoás (c. 862-859 a. E. C.),,-862,-862,,,,,,,,,,0,1,hechos_biblicos
214,Peqahías,,,,Rey,Ficha de Personaje: Reyes,,,,,div,S2,Asiria,Samaria,Peqahías sucede a Menahem como rey de Israel (c. 780 a. E. C.) [2 Rey. 15:23],,-780,-780,,,,,,,,,,1,1,"hechos_biblicos,preguntas"
215,Péqah,,,,Rey,Ficha de Personaje: Reyes,,,,,div,S2,Asiria,Samaria,Péqah sucede a Peqahías como rey de Israel (c. 778 a. E. C.) [2 Rey. 15:27],,-778,-778,,,,,,,,,,1,1,"hechos_biblicos,preguntas"
216,Ismael,,,,,,,,,,pat,S1,Sin potencia (anterior a Egipto),,Nace Ismael (1932 a. E. C.) [Gén. 16:15; Gé 16:16]; Isaac destetado; Ismael despedido; principio de 400 años de aflicción (1913 a. E. C.) [Gén. 21:8; Gé 15:13; Hech. 7:6]; Muere Ismael (1795 a. E. C.) [Gén. 25:17],Abrahán (1); Isaac (1),-1932,-1795,,,,,,,,,,4,3,"hechos_biblicos,preguntas"
217,Lea,,,,,,,,,,pat,S1,Sin potencia (anterior a Egipto),,Jacob se casa con Lea y Raquel (1774 a. E. C.) [Gén. 29:23-30],Jacob (1); Raquel (1),-1774,-1774,,,,,,,,,,0,1,hechos_biblicos
218,Raquel,,,,,,,,,,pat,S1,Sin potencia (anterior a Egipto),,Jacob se casa con Lea y Raquel (1774 a. E. C.) [Gén. 29:23-30],Jacob (1); Lea (1),-1774,-1774,,,,,,,,,,0,1,hechos_biblicos
219,Sisaq,,,,Rey,Ficha de Personaje: Reyes,,,,,div,S2,Egipto,,Sisaq invade a Judá y se lleva tesoros del templo (993 a. E. C.) [1 Rey. 14:25; 1 Reyes  14:26],Rehoboam (1),-993,-993,,,,,,,,,,2,1,"hechos_biblicos,preguntas"
220,Agur,,,,,,,,,,div,S2,Asiria,,Se completa la compilación de Proverbios (c. 717 a. E. C.) [Pro. 25:1],Salomón (1); Lemuel (1),-717,-717,,,,,,,,,,0,1,hechos_biblicos
221,Lemuel,,,,,,,,,,div,S2,Asiria,,Se completa la compilación de Proverbios (c. 717 a. E. C.) [Pro. 25:1],Salomón (1); Agur (1),-717,-717,,,,,,,,,,0,1,hechos_biblicos
222,Caldeos,,,,,,,,,,div,S2,Asiria,,Nínive cae ante los caldeos y los medos (632 a. E. C.) [Nah. 3:7],Medos (1),-632,-632,,,,,,,,,,1,1,"hechos_biblicos,preguntas"
223,Medos,,,,,,,,,,div,S2,Asiria,,Nínive cae ante los caldeos y los medos (632 a. E. C.) [Nah. 3:7],Caldeos (1),-632,-632,,,,,,,,,,0,1,hechos_biblicos
224,Babilonia,,,,,,,,,,div,S2,Asiria,,Babilonia ahora encaminada a ser la tercera potencia mundial (632 a. E. C.) [Pro. 25:1],,-632,-632,,,,,,,,,,3,1,"hechos_biblicos,preguntas"
225,Persia,,,,,,,,,,res,S2,Medopersia,,"Se proscribe la obra de edificar el templo (522 a. E. C.) [Esd. 4:23, 24]",,-522,-522,,,,,,,,,,1,1,"hechos_biblicos,preguntas"
226,Ageo,,,,,,,,,,res,S2,Medopersia,,Ageo completa el libro de Ageo (520 a. E. C.) [Hag. 1:1],,-520,-520,,,,,,,,,,36,1,"hechos_biblicos,preguntas"
227,Grecia,,,,,,,,,,ec,S3,Medopersia; Grecia,,"Grecia, quinta potencia mundial, gobierna a Judea (332 a. E. C.) [Dan. 8:21]",,-332,-332,,,,,,,,,,1,1,"hechos_biblicos,preguntas"
228,Macabeos,,,,,,,,,,ec,S3,Grecia,,El templo dedicado de nuevo después de profanación por idolatría griega; fiesta de la Dedicación (165 a. E. C.) [Juan 10:22],,-165,-165,,,,,,,,,,1,1,"hechos_biblicos,preguntas"
229,Herodes,,M,,Rey,Ficha de Personaje: Reyes,,,,,ec,S3,Roma,Tiberíades,Herodes (rey nombrado por Roma) toma Jerusalén por asalto (c. 37 a. E. C.); Juan apresado; Jesús parte para Galilea (30 e. c.) [Mt 4:12; Mr 1:14; Lu 4:14; Jn 4:1-3],Juan el Bautista (1); Jesús (1),-37,30,Mateo 2:16,Rey que intentó destruir al Mesías recién nacido,Mateo 2:1-16,,Ninguna fiel destacada en las Escrituras,,Crueldad; paranoia; intento de matar al Mesías,Mateo 2:16-18,Ningún poder humano puede frustrar el propósito de Jehová,24,2,"hechos_biblicos,preguntas,curacion_manual"
230,Mateo,,,,,,,,,,ec,S3,Roma,,Mateo escribe el Evangelio llamado 'Mateo' (c. 41 e. c.),,41,41,,,,,,,,,,72,1,"hechos_biblicos,preguntas"
231,Egipto,,,,,,,,,,egi,S1,Egipto,,Egipto alcanza prominencia como primera potencia mundial (d. 1600 a. E. C.) [Éxo. 1:8],,-1600,-1600,,,,,,,,,,1,1,"hechos_biblicos,preguntas"
232,Gabriel,,,,,,,,,,ec,S3,Roma,"Jerusalén, templo; Nazaret; Judea",Nacimiento de Juan predicho a Zacarías (3 a. E. C.) [Luc. 1:5-25]; Nacimiento de Jesús predicho a María (c. 2 a. E. C.) [Luc. 1:26-56],Zacarías (1); María (1); Elisabet (1),-3,-2,,,,,,,,,,12,2,"hechos_biblicos,preguntas"
233,pastores,,,,,,,,,,ec,S3,Roma,Cerca de Belén,Pastores visitan al bebé Jesús (2 a. E. C.) [Luc. 2:8-20],Jesús (1),-2,-2,,,,,,,,,,8,1,"hechos_biblicos,preguntas"
234,Simeón,,,,,,,,,,ec,S3,Roma,Belén; Jerusalén,Jesús circuncidado y presentado en el templo (2 a. E. C.) [Luc. 2:21-38],Jesús (1); María (1); José (1); Ana (1),-2,-2,,,,,,,,,,2,1,"hechos_biblicos,preguntas"
